age (years),1981,1982,1983,1984,1985,1986,1987,1988,1989,1990,1991,1992,1993,1994,1995,1996,1997,1998,1999,2000,2001,2002,2003,2004,2005,2006,2007,2008,2009,2010,2011,2012,2013,2014,2015,2016,2017,2018,2019,2020,2021,2022,2023,2024,2025,2026,2027,2028,2029,2030,2031,2032,2033,2034,2035,2036,2037,2038,2039,2040,2041,2042,2043,2044,2045,2046,2047,2048,2049,2050,2051,2052,2053,2054,2055,2056,2057,2058,2059,2060,2061,2062,2063,2064,2065,2066,2067,2068
0,1467.78,1489.82,1409.77,1151.6,1063.39,1121.35,958.25,967.02,745.37,819.9,835.64,637.91,791.54,654.3,752.65,682.71,551.54,609.46,686.42,543.64,700.6,479.6,662.54,558.07,711.29,585.17,563.01,481.16,537.18,591.05,505.78,376.67,516.36,606.92,558.74,433.68,375.98,412.0,403.07,399.61,390.34,381.52,373.13,365.14,357.54,350.31,343.43,336.88,330.65,324.71,319.06,313.67,308.55,303.66,299.01,294.57,290.35,286.31,282.46,278.79,275.27,271.89,268.61,265.39,262.21,259.07,255.96,252.89,249.86,246.87,243.91,240.98,238.09,235.24,232.42,229.63,226.88,224.16,221.48,218.82,216.2,213.61,211.04,208.51,206.01,203.55,201.1,198.69
1,65.11,88.14,94.79,58.02,28.49,63.79,70.75,50.51,29.65,59.79,37.57,38.13,79.52,72.79,16.2,32.41,64.63,41.22,25.33,26.13,54.13,36.84,36.6,35.19,17.22,67.58,72.36,30.85,38.33,31.06,0.0,15.39,31.56,23.92,31.78,31.44,8.11,43.13,42.79,41.83,40.91,40.04,39.21,38.41,37.66,36.94,36.25,35.59,34.97,34.37,33.8,33.26,32.74,32.25,31.77,31.32,30.89,30.48,30.08,29.7,29.34,28.99,28.64,28.29,27.95,27.62,27.29,26.96,26.64,26.32,26.0,25.69,25.38,25.08,24.78,24.48,24.18,23.89,23.61,23.32,23.04,22.77,22.5,22.23,21.96,21.7,21.43,21.18
2,14.48,51.54,58.54,7.26,35.83,50.06,78.48,50.78,51.86,44.7,89.8,45.61,31.73,16.07,32.23,32.32,16.16,24.69,25.11,43.36,26.93,18.32,9.08,69.84,34.18,8.39,24.04,38.39,30.53,23.25,15.38,30.57,23.51,31.63,15.79,7.8,14.15,14.01,13.66,13.33,13.02,12.72,12.44,12.18,11.92,11.68,11.46,11.24,11.04,10.84,10.66,10.49,10.32,10.16,10.01,9.87,9.74,9.61,9.49,9.37,9.26,9.14,9.03,8.93,8.82,8.71,8.61,8.51,8.4,8.3,8.2,8.1,8.01,7.91,7.82,7.72,7.63,7.54,7.45,7.36,7.27,7.18,7.1,7.01,6.93,6.84,6.76,6.68
3,29.01,88.73,51.44,72.99,36.18,57.79,21.61,36.4,29.53,14.89,7.48,30.45,0.0,8.02,0.0,48.43,40.32,8.29,33.39,25.9,35.76,27.31,26.99,17.38,8.5,25.12,16.0,22.99,0.0,23.21,15.34,7.6,0.0,7.88,15.69,10.69,10.54,10.24,9.96,9.7,9.45,9.21,8.99,8.78,8.58,8.4,8.23,8.06,7.91,7.76,7.63,7.5,7.38,7.26,7.15,7.05,6.96,6.87,6.78,6.7,6.62,6.54,6.46,6.38,6.31,6.23,6.16,6.08,6.01,5.94,5.87,5.8,5.73,5.66,5.59,5.52,5.46,5.39,5.33,5.26,5.2,5.14,5.08,5.01,4.95,4.9,4.84,4.78
4,36.36,14.86,7.4,51.47,36.51,36.47,21.73,43.58,22.1,44.69,14.98,22.74,23.65,8.02,56.36,8.06,0.0,33.06,8.33,25.78,8.89,18.07,8.92,17.3,0.0,0.0,15.98,0.0,15.2,7.71,15.29,7.56,38.85,7.82,10.56,10.38,10.05,9.74,9.46,9.19,8.94,8.7,8.48,8.27,8.08,7.9,7.73,7.57,7.42,7.28,7.15,7.03,6.92,6.81,6.71,6.62,6.53,6.45,6.37,6.3,6.22,6.15,6.07,6.0,5.93,5.86,5.79,5.72,5.65,5.58,5.51,5.45,5.38,5.32,5.25,5.19,5.13,5.07,5.01,4.95,4.89,4.83,4.77,4.71,4.66,4.6,4.55,4.49
5,21.83,37.31,37.21,44.31,29.38,14.63,28.94,7.26,29.49,37.29,29.89,22.74,15.76,32.12,24.19,0.0,16.19,33.0,33.27,8.53,17.71,0.0,17.78,0.0,0.0,0.0,16.0,0.0,15.22,7.69,0.0,22.61,7.74,9.92,9.73,9.41,9.11,8.83,8.57,8.32,8.1,7.88,7.68,7.5,7.32,7.16,7.01,6.87,6.74,6.61,6.5,6.39,6.29,6.2,6.11,6.03,5.96,5.88,5.81,5.74,5.67,5.61,5.54,5.47,5.41,5.34,5.28,5.21,5.15,5.09,5.03,4.97,4.91,4.85,4.79,4.73,4.68,4.62,4.57,4.51,4.46,4.4,4.35,4.3,4.25,4.2,4.15,4.1
6,14.61,52.58,22.48,29.68,29.49,29.15,7.21,14.53,7.37,7.44,7.46,7.57,31.52,0.0,16.12,0.0,8.09,24.71,16.56,0.0,0.0,53.62,35.62,34.71,0.0,16.73,7.98,22.97,7.58,15.34,7.6,15.04,9.21,9.03,8.74,8.46,8.2,7.96,7.73,7.52,7.32,7.14,6.96,6.8,6.65,6.51,6.38,6.26,6.14,6.04,5.94,5.85,5.76,5.68,5.6,5.53,5.47,5.4,5.34,5.27,5.21,5.15,5.08,5.02,4.96,4.9,4.84,4.79,4.73,4.67,4.62,4.56,4.51,4.45,4.4,4.35,4.29,4.24,4.19,4.14,4.09,4.04,3.99,3.95,3.9,3.85,3.81,3.76
7,44.0,37.77,15.06,7.43,14.71,7.28,28.85,29.04,7.36,14.89,22.41,15.17,23.67,24.26,8.05,32.26,8.08,8.19,8.25,8.44,0.0,17.85,8.9,0.0,8.56,16.72,7.96,15.25,0.0,0.0,7.57,8.24,8.1,7.84,7.6,7.37,7.16,6.96,6.77,6.6,6.44,6.29,6.14,6.01,5.89,5.77,5.66,5.56,5.47,5.38,5.3,5.22,5.15,5.08,5.01,4.95,4.89,4.84,4.78,4.72,4.66,4.61,4.55,4.5,4.44,4.39,4.34,4.29,4.23,4.18,4.13,4.08,4.03,3.99,3.94,3.89,3.84,3.8,3.75,3.71,3.66,3.62,3.58,3.53,3.49,3.45,3.41,3.37
8,22.08,15.17,15.09,22.27,22.01,14.55,21.6,7.25,14.72,14.89,37.35,15.21,15.8,24.18,8.03,16.14,8.06,8.15,8.2,16.81,0.0,8.91,8.92,26.1,0.0,0.0,23.79,7.6,7.55,22.82,7.3,7.18,6.96,6.75,6.56,6.38,6.21,6.05,5.9,5.76,5.63,5.5,5.39,5.28,5.18,5.08,4.99,4.91,4.83,4.76,4.69,4.63,4.57,4.51,4.45,4.4,4.35,4.3,4.24,4.19,4.14,4.09,4.04,4.0,3.95,3.9,3.85,3.81,3.76,3.72,3.67,3.63,3.58,3.54,3.5,3.46,3.41,3.37,3.33,3.29,3.25,3.21,3.18,3.14,3.1,3.06,3.03,2.99
9,0.0,22.76,22.56,29.71,14.67,14.52,7.19,21.77,7.35,7.47,29.91,30.3,23.72,0.0,8.02,32.17,32.12,24.33,16.36,25.16,0.0,8.92,17.83,8.68,0.0,0.0,0.0,7.58,0.0,6.75,6.65,6.45,6.27,6.09,5.93,5.77,5.63,5.49,5.37,5.25,5.13,5.03,4.93,4.83,4.75,4.67,4.59,4.52,4.45,4.38,4.32,4.27,4.22,4.16,4.11,4.06,4.02,3.97,3.92,3.87,3.83,3.78,3.74,3.69,3.65,3.6,3.56,3.52,3.47,3.43,3.39,3.35,3.31,3.27,3.23,3.19,3.15,3.12,3.08,3.04,3.01,2.97,2.93,2.9,2.86,2.83,2.8,2.76
10,7.35,30.35,22.49,7.43,21.96,7.23,14.37,14.5,14.75,7.48,29.92,7.6,15.83,8.02,0.0,8.01,8.0,24.19,8.16,16.77,8.76,35.62,0.0,17.29,0.0,16.54,15.75,7.55,6.72,6.61,6.41,6.23,6.05,5.89,5.74,5.59,5.46,5.33,5.21,5.1,4.99,4.89,4.8,4.72,4.63,4.56,4.49,4.42,4.35,4.3,4.24,4.19,4.14,4.09,4.04,3.99,3.94,3.89,3.85,3.8,3.75,3.71,3.67,3.62,3.58,3.53,3.49,3.45,3.41,3.37,3.33,3.29,3.25,3.21,3.17,3.13,3.1,3.06,3.02,2.99,2.95,2.91,2.88,2.84,2.81,2.78,2.74,2.71
11,29.49,22.69,44.92,22.28,29.11,7.22,21.51,7.27,29.51,14.95,15.0,0.0,0.0,16.0,31.82,15.94,15.93,32.17,0.0,8.38,17.49,8.89,8.88,8.63,8.46,32.97,7.84,7.05,6.93,6.72,6.52,6.33,6.15,5.99,5.83,5.69,5.55,5.42,5.3,5.19,5.08,4.99,4.89,4.81,4.73,4.65,4.58,4.51,4.45,4.39,4.34,4.29,4.23,4.18,4.13,4.08,4.03,3.99,3.94,3.89,3.84,3.8,3.75,3.71,3.66,3.62,3.58,3.53,3.49,3.45,3.41,3.37,3.33,3.29,3.25,3.21,3.17,3.13,3.09,3.06,3.02,2.98,2.95,2.91,2.88,2.84,2.81,2.78
12,29.54,30.27,29.87,37.01,29.05,0.0,21.54,43.54,22.1,7.49,30.04,22.95,23.73,0.0,31.65,15.87,15.89,24.06,16.29,16.74,17.5,8.87,8.84,0.0,0.0,16.41,8.02,7.87,7.61,7.37,7.15,6.94,6.74,6.56,6.39,6.23,6.08,5.94,5.81,5.69,5.57,5.47,5.37,5.28,5.19,5.11,5.03,4.96,4.9,4.84,4.78,4.72,4.66,4.61,4.55,4.5,4.44,4.39,4.34,4.29,4.23,4.18,4.13,4.08,4.04,3.99,3.94,3.89,3.84,3.8,3.75,3.71,3.66,3.62,3.58,3.53,3.49,3.45,3.41,3.37,3.33,3.29,3.25,3.21,3.17,3.13,3.09,3.06
13,44.4,22.72,14.85,14.8,29.01,14.4,7.19,14.54,22.15,14.99,0.0,22.98,47.33,31.64,15.76,0.0,0.0,8.01,8.12,25.09,26.15,8.83,0.0,0.0,16.81,9.82,9.62,9.28,8.97,8.69,8.42,8.17,7.93,7.72,7.51,7.32,7.15,6.98,6.83,6.69,6.56,6.44,6.32,6.22,6.12,6.03,5.94,5.86,5.79,5.72,5.65,5.58,5.51,5.45,5.38,5.32,5.25,5.19,5.13,5.07,5.01,4.95,4.89,4.83,4.77,4.71,4.66,4.6,4.55,4.49,4.44,4.38,4.33,4.28,4.23,4.18,4.13,4.08,4.03,3.98,3.93,3.89,3.84,3.79,3.75,3.7,3.66,3.61
14,37.11,22.71,22.22,29.59,21.78,14.4,21.45,50.99,44.37,22.51,15.07,46.02,15.73,23.64,7.86,15.82,15.84,39.9,24.33,8.33,17.38,17.6,8.77,8.53,13.13,12.83,12.36,11.93,11.52,11.15,10.8,10.47,10.17,9.89,9.63,9.39,9.17,8.96,8.77,8.59,8.42,8.27,8.13,8.0,7.87,7.76,7.66,7.56,7.47,7.38,7.29,7.2,7.12,7.03,6.95,6.86,6.78,6.7,6.62,6.54,6.46,6.38,6.31,6.23,6.16,6.08,6.01,5.94,5.87,5.8,5.73,5.66,5.59,5.52,5.46,5.39,5.33,5.26,5.2,5.14,5.08,5.01,4.95,4.89,4.84,4.78,4.72,4.66
15,67.0,52.98,44.37,22.24,58.0,49.99,50.17,29.2,22.23,52.6,52.71,76.6,47.18,39.24,54.94,31.63,15.8,39.91,40.44,33.25,17.33,35.09,17.47,17.49,17.06,16.41,15.81,15.25,14.73,14.25,13.81,13.39,13.01,12.66,12.33,12.02,11.74,11.48,11.24,11.02,10.81,10.62,10.45,10.29,10.14,10.0,9.88,9.76,9.64,9.52,9.41,9.3,9.19,9.07,8.97,8.86,8.75,8.65,8.54,8.44,8.34,8.24,8.14,8.04,7.95,7.85,7.76,7.66,7.57,7.48,7.39,7.3,7.21,7.13,7.04,6.96,6.87,6.79,6.71,6.63,6.55,6.47,6.39,6.32,6.24,6.17,6.09,6.02
16,59.8,68.27,73.97,74.2,57.51,28.65,43.08,29.28,74.18,37.57,67.8,76.71,31.38,23.49,39.17,94.8,47.48,7.97,8.07,41.44,17.29,26.23,23.81,23.2,22.28,21.44,20.66,19.93,19.27,18.65,18.08,17.55,17.06,16.6,16.18,15.8,15.44,15.11,14.8,14.52,14.27,14.03,13.81,13.61,13.42,13.25,13.09,12.94,12.78,12.63,12.48,12.33,12.18,12.03,11.89,11.74,11.6,11.46,11.33,11.19,11.06,10.92,10.79,10.66,10.54,10.41,10.28,10.16,10.04,9.92,9.8,9.68,9.57,9.45,9.34,9.23,9.11,9.01,8.9,8.79,8.68,8.58,8.48,8.38,8.28,8.18,8.08,7.98
17,75.72,61.38,89.3,74.37,64.72,57.3,35.98,102.42,81.48,22.51,128.17,84.37,39.14,101.32,46.98,23.71,31.61,55.63,32.22,16.55,25.86,32.56,31.69,30.42,29.25,28.17,27.17,26.24,25.38,24.59,23.86,23.19,22.56,21.98,21.45,20.96,20.51,20.09,19.71,19.35,19.03,18.73,18.46,18.21,17.97,17.75,17.54,17.33,17.12,16.92,16.71,16.51,16.32,16.12,15.93,15.74,15.55,15.36,15.18,14.99,14.81,14.64,14.46,14.29,14.12,13.95,13.78,13.61,13.45,13.29,13.13,12.97,12.82,12.66,12.51,12.36,12.21,12.07,11.92,11.78,11.64,11.5,11.36,11.22,11.09,10.95,10.82,10.69
18,64.78,97.54,83.43,134.6,79.99,114.96,158.56,73.08,126.23,112.73,67.52,91.89,70.23,78.12,70.68,71.0,71.19,63.71,48.36,16.56,41.63,40.51,38.88,37.37,35.98,34.69,33.5,32.4,31.39,30.45,29.58,28.78,28.04,27.36,26.73,26.15,25.62,25.12,24.67,24.26,23.88,23.53,23.21,22.91,22.63,22.36,22.09,21.83,21.57,21.31,21.05,20.8,20.55,20.3,20.06,19.82,19.58,19.35,19.11,18.88,18.66,18.43,18.21,17.99,17.78,17.57,17.35,17.15,16.94,16.74,16.54,16.34,16.14,15.95,15.76,15.57,15.38,15.2,15.01,14.83,14.66,14.48,14.31,14.13,13.96,13.8,13.63,13.47
19,110.29,102.12,77.77,77.63,67.27,51.9,141.23,120.6,167.58,99.4,137.78,117.28,104.18,87.69,64.16,24.16,80.85,57.28,90.66,51.64,50.27,48.26,46.4,44.68,43.09,41.62,40.27,39.01,37.85,36.78,35.79,34.87,34.03,33.25,32.53,31.87,31.26,30.7,30.18,29.71,29.28,28.88,28.51,28.16,27.83,27.49,27.16,26.84,26.52,26.2,25.88,25.57,25.27,24.96,24.66,24.37,24.07,23.79,23.5,23.22,22.94,22.66,22.39,22.12,21.86,21.6,21.34,21.08,20.83,20.58,20.33,20.09,19.85,19.61,19.37,19.14,18.91,18.68,18.46,18.24,18.02,17.8,17.59,17.38,17.17,16.96,16.76,16.56
20,103.72,69.18,104.21,56.2,194.28,107.85,69.78,62.35,156.48,125.74,101.95,89.01,73.29,72.64,64.82,56.97,82.74,41.32,61.29,59.72,57.38,55.21,53.21,51.36,49.64,48.06,46.59,45.23,43.97,42.8,41.73,40.73,39.81,38.96,38.18,37.46,36.79,36.18,35.62,35.1,34.63,34.19,33.77,33.37,32.97,32.57,32.18,31.79,31.41,31.03,30.66,30.29,29.93,29.57,29.22,28.87,28.52,28.18,27.84,27.51,27.18,26.85,26.53,26.21,25.89,25.58,25.28,24.97,24.67,24.38,24.09,23.8,23.51,23.23,22.95,22.67,22.4,22.13,21.87,21.61,21.35,21.09,20.84,20.59,20.34,20.1,19.85,19.62
21,139.34,122.28,32.73,81.08,102.29,101.38,70.25,117.24,157.21,86.85,79.33,56.33,65.64,97.76,106.64,66.23,49.99,69.47,67.79,65.22,62.83,60.63,58.58,56.68,54.93,53.29,51.78,50.38,49.08,47.88,46.76,45.73,44.77,43.89,43.08,42.32,41.63,40.99,40.4,39.86,39.35,38.87,38.4,37.94,37.49,37.04,36.59,36.16,35.72,35.29,34.87,34.45,34.04,33.63,33.23,32.83,32.43,32.04,31.66,31.28,30.9,30.53,30.17,29.81,29.45,29.09,28.75,28.4,28.06,27.72,27.39,27.06,26.74,26.42,26.1,25.79,25.48,25.17,24.87,24.57,24.28,23.98,23.7,23.41,23.13,22.85,22.58,22.31
22,61.43,104.78,114.79,64.94,125.68,171.68,77.48,78.3,63.33,118.2,80.19,80.98,106.91,57.48,57.86,74.87,75.91,74.21,71.51,69.01,66.69,64.53,62.52,60.66,58.92,57.31,55.81,54.42,53.13,51.93,50.82,49.78,48.83,47.94,47.12,46.36,45.66,45.01,44.41,43.84,43.31,42.79,42.28,41.77,41.27,40.77,40.29,39.8,39.32,38.85,38.39,37.93,37.47,37.02,36.58,36.14,35.7,35.28,34.85,34.43,34.02,33.61,33.21,32.81,32.42,32.03,31.64,31.26,30.89,30.52,30.15,29.79,29.43,29.08,28.73,28.39,28.05,27.71,27.38,27.05,26.72,26.4,26.09,25.77,25.46,25.16,24.86,24.56
23,104.69,138.16,122.42,96.52,101.89,85.55,139.97,95.06,78.63,64.39,64.62,97.11,115.85,124.33,49.71,79.02,77.39,74.72,72.23,69.92,67.76,65.75,63.87,62.13,60.5,58.98,57.57,56.25,55.03,53.88,52.82,51.84,50.92,50.07,49.27,48.54,47.86,47.22,46.63,46.06,45.51,44.96,44.42,43.89,43.36,42.84,42.33,41.82,41.32,40.82,40.33,39.85,39.37,38.9,38.43,37.97,37.51,37.06,36.62,36.18,35.75,35.32,34.89,34.47,34.06,33.65,33.25,32.85,32.46,32.07,31.68,31.3,30.93,30.55,30.19,29.83,29.47,29.11,28.76,28.42,28.08,27.74,27.41,27.08,26.75,26.43,26.12,25.8
24,146.39,118.89,129.3,47.97,116.98,101.79,71.04,63.19,72.89,113.24,80.81,89.66,109.15,75.32,80.26,78.77,76.2,73.8,71.56,69.46,67.51,65.67,63.96,62.36,60.87,59.47,58.16,56.94,55.81,54.74,53.75,52.82,51.96,51.16,50.41,49.7,49.05,48.43,47.85,47.27,46.71,46.15,45.59,45.04,44.5,43.97,43.44,42.92,42.41,41.9,41.39,40.9,40.41,39.92,39.44,38.97,38.5,38.04,37.58,37.13,36.69,36.25,35.81,35.38,34.96,34.54,34.12,33.71,33.31,32.91,32.52,32.13,31.74,31.36,30.98,30.61,30.24,29.88,29.52,29.17,28.82,28.47,28.13,27.79,27.46,27.13,26.8,26.48
25,102.17,50.07,120.25,127.33,118.08,111.45,111.36,105.42,73.21,129.81,89.19,65.56,151.31,79.34,78.01,75.6,73.34,71.23,69.24,67.38,65.64,64.01,62.48,61.04,59.69,58.43,57.25,56.14,55.11,54.14,53.23,52.38,51.58,50.84,50.14,49.48,48.86,48.27,47.69,47.12,46.55,46.0,45.44,44.9,44.36,43.83,43.3,42.78,42.27,41.76,41.26,40.77,40.28,39.79,39.32,38.84,38.38,37.92,37.46,37.01,36.57,36.13,35.7,35.27,34.85,34.43,34.01,33.61,33.2,32.8,32.41,32.02,31.64,31.26,30.88,30.51,30.15,29.78,29.43,29.07,28.73,28.38,28.04,27.7,27.37,27.04,26.72,26.4
26,91.4,106.95,136.7,64.25,95.96,120.23,96.85,121.73,73.09,81.08,113.63,81.71,78.33,77.14,74.88,72.75,70.76,68.88,67.11,65.45,63.89,62.43,61.05,59.75,58.53,57.39,56.31,55.3,54.36,53.46,52.63,51.84,51.1,50.41,49.75,49.13,48.54,47.96,47.38,46.81,46.25,45.7,45.15,44.61,44.07,43.54,43.02,42.5,41.99,41.49,40.99,40.5,40.01,39.53,39.06,38.59,38.13,37.67,37.22,36.77,36.33,35.89,35.46,35.04,34.62,34.2,33.79,33.39,32.99,32.59,32.2,31.81,31.43,31.05,30.68,30.31,29.95,29.59,29.24,28.88,28.54,28.2,27.86,27.52,27.19,26.87,26.54,26.23
27,122.68,131.26,32.58,163.0,72.14,56.88,105.01,137.53,56.73,88.98,72.71,80.77,79.67,77.43,75.33,73.35,71.48,69.72,68.06,66.5,65.03,63.64,62.34,61.11,59.95,58.85,57.82,56.85,55.94,55.08,54.27,53.51,52.79,52.1,51.46,50.83,50.22,49.62,49.03,48.44,47.86,47.28,46.72,46.15,45.6,45.05,44.51,43.98,43.45,42.93,42.41,41.91,41.4,40.91,40.42,39.93,39.45,38.98,38.51,38.05,37.59,37.14,36.7,36.25,35.82,35.39,34.97,34.55,34.13,33.72,33.32,32.92,32.52,32.13,31.75,31.37,30.99,30.62,30.25,29.89,29.53,29.17,28.82,28.48,28.14,27.8,27.47,27.14
28,72.93,98.49,123.95,98.39,32.53,73.19,72.62,96.92,137.52,136.78,84.04,83.01,80.8,78.71,76.74,74.88,73.12,71.46,69.89,68.41,67.0,65.68,64.43,63.24,62.12,61.07,60.07,59.13,58.23,57.39,56.59,55.84,55.12,54.44,53.78,53.14,52.5,51.87,51.25,50.63,50.02,49.42,48.83,48.25,47.67,47.09,46.53,45.97,45.42,44.87,44.34,43.8,43.28,42.76,42.25,41.74,41.24,40.74,40.25,39.77,39.29,38.82,38.36,37.9,37.44,36.99,36.55,36.11,35.68,35.25,34.83,34.41,34.0,33.59,33.18,32.79,32.39,32.0,31.62,31.24,30.87,30.5,30.13,29.77,29.41,29.06,28.71,28.37
29,105.33,157.1,99.95,107.59,81.61,89.0,64.39,128.97,121.1,87.63,86.68,84.49,82.41,80.44,78.58,76.82,75.14,73.56,72.06,70.64,69.29,68.01,66.8,65.66,64.57,63.54,62.56,61.64,60.76,59.92,59.13,58.38,57.66,56.96,56.28,55.6,54.93,54.28,53.62,52.98,52.35,51.72,51.1,50.48,49.88,49.28,48.69,48.1,47.53,46.96,46.39,45.84,45.29,44.74,44.21,43.68,43.15,42.63,42.12,41.62,41.12,40.62,40.14,39.66,39.18,38.71,38.25,37.79,37.33,36.89,36.44,36.01,35.57,35.15,34.72,34.31,33.9,33.49,33.09,32.69,32.3,31.91,31.53,31.15,30.78,30.41,30.04,29.68
30,105.57,124.35,92.1,132.56,105.46,88.72,120.15,103.97,90.5,89.66,87.53,85.49,83.57,81.73,79.99,78.34,76.76,75.27,73.84,72.49,71.21,69.99,68.82,67.72,66.67,65.67,64.72,63.81,62.95,62.12,61.33,60.58,59.85,59.13,58.42,57.72,57.03,56.34,55.67,55.0,54.34,53.69,53.04,52.41,51.78,51.16,50.54,49.94,49.34,48.75,48.16,47.58,47.01,46.45,45.89,45.34,44.8,44.26,43.73,43.2,42.68,42.17,41.67,41.17,40.67,40.18,39.7,39.23,38.76,38.29,37.83,37.38,36.93,36.49,36.05,35.62,35.19,34.77,34.35,33.94,33.53,33.13,32.73,32.34,31.95,31.57,31.19,30.81
31,89.67,117.03,83.82,90.8,89.0,80.24,134.87,95.1,94.38,92.28,90.27,88.36,86.54,84.8,83.14,81.56,80.05,78.61,77.24,75.93,74.68,73.48,72.34,71.25,70.21,69.22,68.26,67.35,66.48,65.65,64.84,64.06,63.29,62.53,61.78,61.04,60.31,59.58,58.87,58.16,57.46,56.77,56.09,55.42,54.76,54.1,53.45,52.81,52.18,51.55,50.93,50.32,49.72,49.12,48.53,47.95,47.37,46.8,46.24,45.69,45.14,44.6,44.06,43.53,43.01,42.5,41.99,41.48,40.98,40.49,40.01,39.53,39.05,38.58,38.12,37.66,37.21,36.77,36.32,35.89,35.46,35.03,34.61,34.2,33.79,33.38,32.98,32.58
32,90.47,125.74,175.73,123.71,129.31,87.8,99.76,99.19,97.15,95.21,93.34,91.55,89.84,88.2,86.63,85.12,83.68,82.29,80.97,79.7,78.48,77.3,76.18,75.1,74.07,73.07,72.11,71.19,70.3,69.44,68.61,67.78,66.97,66.17,65.37,64.59,63.81,63.05,62.29,61.54,60.81,60.08,59.36,58.64,57.94,57.25,56.56,55.88,55.21,54.55,53.89,53.25,52.61,51.98,51.35,50.74,50.13,49.53,48.93,48.34,47.76,47.19,46.63,46.07,45.51,44.97,44.43,43.89,43.37,42.85,42.33,41.83,41.32,40.83,40.34,39.85,39.38,38.9,38.44,37.98,37.52,37.07,36.63,36.19,35.75,35.32,34.9,34.48
33,131.9,125.45,117.13,82.39,128.76,104.61,104.2,102.25,100.37,98.56,96.82,95.14,93.52,91.97,90.47,89.03,87.64,86.31,85.02,83.77,82.57,81.42,80.3,79.22,78.18,77.17,76.2,75.26,74.34,73.44,72.56,71.69,70.83,69.98,69.14,68.31,67.49,66.68,65.88,65.09,64.31,63.54,62.78,62.03,61.28,60.55,59.82,59.1,58.39,57.69,57.0,56.32,55.64,54.97,54.31,53.66,53.02,52.38,51.75,51.13,50.52,49.91,49.31,48.72,48.14,47.56,46.99,46.43,45.87,45.32,44.78,44.24,43.71,43.18,42.67,42.15,41.65,41.15,40.65,40.17,39.68,39.21,38.74,38.27,37.81,37.36,36.91,36.47
34,73.93,183.81,100.45,73.78,109.89,109.67,107.8,106.0,104.25,102.56,100.93,99.34,97.81,96.33,94.89,93.5,92.15,90.85,89.58,88.35,87.16,86.0,84.88,83.79,82.73,81.7,80.7,79.72,78.76,77.81,76.88,75.96,75.05,74.15,73.26,72.38,71.51,70.65,69.8,68.97,68.14,67.32,66.51,65.72,64.93,64.15,63.38,62.62,61.87,61.13,60.39,59.67,58.95,58.24,57.55,56.86,56.17,55.5,54.83,54.18,53.53,52.88,52.25,51.62,51.0,50.39,49.79,49.19,48.6,48.02,47.44,46.87,46.31,45.75,45.2,44.66,44.13,43.6,43.07,42.56,42.05,41.54,41.04,40.55,40.06,39.58,39.11,38.64
35,98.66,142.06,166.68,114.93,114.91,113.16,111.45,109.79,108.17,106.6,105.07,103.57,102.12,100.7,99.31,97.97,96.65,95.37,94.12,92.9,91.71,90.54,89.41,88.3,87.21,86.15,85.11,84.09,83.08,82.08,81.1,80.12,79.16,78.21,77.27,76.35,75.43,74.53,73.63,72.75,71.88,71.01,70.16,69.32,68.49,67.67,66.85,66.05,65.26,64.48,63.7,62.94,62.18,61.44,60.7,59.97,59.25,58.54,57.84,57.15,56.46,55.78,55.11,54.45,53.8,53.15,52.52,51.89,51.26,50.65,50.04,49.44,48.85,48.26,47.68,47.11,46.55,45.99,45.44,44.89,44.35,43.82,43.29,42.77,42.26,41.75,41.25,40.76
36,221.54,158.46,120.72,120.93,119.3,117.69,116.12,114.59,113.08,111.59,110.14,108.71,107.32,105.94,104.59,103.27,101.97,100.7,99.44,98.21,97.0,95.81,94.65,93.5,92.37,91.26,90.16,89.08,88.01,86.96,85.91,84.88,83.86,82.86,81.86,80.88,79.91,78.95,78.01,77.07,76.15,75.23,74.33,73.44,72.56,71.69,70.83,69.98,69.14,68.31,67.49,66.68,65.88,65.09,64.31,63.54,62.77,62.02,61.28,60.54,59.82,59.1,58.39,57.69,57.0,56.31,55.64,54.97,54.31,53.66,53.01,52.38,51.75,51.13,50.52,49.91,49.31,48.72,48.13,47.56,46.99,46.42,45.87,45.32,44.77,44.23,43.7,43.18
37,114.52,124.81,125.24,123.75,122.28,120.82,119.38,117.96,116.55,115.16,113.79,112.43,111.09,109.76,108.45,107.15,105.87,104.6,103.35,102.11,100.89,99.68,98.49,97.31,96.14,94.99,93.85,92.72,91.61,90.51,89.42,88.35,87.29,86.24,85.21,84.19,83.18,82.18,81.19,80.22,79.26,78.31,77.37,76.44,75.52,74.62,73.72,72.84,71.96,71.1,70.25,69.4,68.57,67.75,66.94,66.13,65.34,64.56,63.78,63.02,62.26,61.51,60.78,60.05,59.33,58.61,57.91,57.22,56.53,55.85,55.18,54.52,53.87,53.22,52.58,51.95,51.33,50.71,50.1,49.5,48.91,48.32,47.74,47.17,46.6,46.04,45.49,44.95
38,133.75,134.39,132.97,131.55,130.13,128.72,127.32,125.92,124.53,123.14,121.77,120.4,119.03,117.68,116.33,114.99,113.66,112.33,111.02,109.71,108.42,107.13,105.85,104.59,103.33,102.1,100.87,99.66,98.47,97.28,96.12,94.96,93.83,92.7,91.59,90.49,89.4,88.33,87.27,86.23,85.19,84.17,83.16,82.16,81.18,80.2,79.24,78.29,77.35,76.42,75.51,74.6,73.71,72.82,71.95,71.08,70.23,69.39,68.56,67.73,66.92,66.12,65.33,64.54,63.77,63.0,62.25,61.5,60.76,60.03,59.31,58.6,57.9,57.2,56.52,55.84,55.17,54.51,53.85,53.21,52.57,51.94,51.32,50.7,50.09,49.49,48.9,48.31
39,144.21,142.88,141.54,140.19,138.84,137.47,136.11,134.73,133.35,131.97,130.58,129.19,127.79,126.4,125.0,123.61,122.21,120.82,119.42,118.03,116.65,115.27,113.89,112.53,111.18,109.85,108.53,107.23,105.94,104.67,103.42,102.18,100.95,99.74,98.54,97.36,96.19,95.04,93.9,92.77,91.66,90.56,89.47,88.4,87.34,86.29,85.26,84.24,83.22,82.23,81.24,80.27,79.3,78.35,77.41,76.48,75.57,74.66,73.76,72.88,72.0,71.14,70.29,69.44,68.61,67.79,66.97,66.17,65.38,64.59,63.82,63.05,62.3,61.55,60.81,60.08,59.36,58.65,57.94,57.25,56.56,55.88,55.21,54.55,53.9,53.25,52.61,51.98
40,154.46,153.17,151.87,150.54,149.2,147.83,146.45,145.05,143.64,142.22,140.78,139.33,137.87,136.4,134.92,133.43,131.94,130.45,128.95,127.45,125.95,124.45,122.96,121.49,120.03,118.59,117.17,115.76,114.38,113.0,111.65,110.31,108.99,107.68,106.39,105.11,103.85,102.61,101.37,100.16,98.96,97.77,96.6,95.44,94.29,93.16,92.05,90.94,89.85,88.77,87.71,86.66,85.62,84.59,83.57,82.57,81.58,80.6,79.64,78.68,77.74,76.8,75.88,74.97,74.07,73.19,72.31,71.44,70.58,69.74,68.9,68.07,67.26,66.45,65.65,64.87,64.09,63.32,62.56,61.81,61.07,60.33,59.61,58.9,58.19,57.49,56.8,56.12
41,166.7,165.41,164.1,162.75,161.37,159.97,158.54,157.08,155.6,154.1,152.57,151.03,149.46,147.89,146.29,144.69,143.07,141.44,139.81,138.17,136.53,134.9,133.28,131.68,130.1,128.54,127.0,125.48,123.97,122.49,121.02,119.57,118.13,116.72,115.32,113.93,112.57,111.22,109.88,108.56,107.26,105.98,104.71,103.45,102.21,100.98,99.77,98.57,97.39,96.22,95.07,93.93,92.8,91.69,90.59,89.5,88.43,87.37,86.32,85.29,84.26,83.25,82.25,81.27,80.29,79.33,78.38,77.44,76.51,75.59,74.68,73.79,72.9,72.03,71.16,70.31,69.47,68.63,67.81,67.0,66.19,65.4,64.61,63.84,63.07,62.32,61.57,60.83
42,179.58,178.27,176.92,175.53,174.1,172.63,171.13,169.59,168.02,166.42,164.78,163.13,161.44,159.74,158.01,156.27,154.51,152.74,150.95,149.17,147.38,145.61,143.87,142.14,140.44,138.75,137.09,135.45,133.82,132.22,130.63,129.07,127.52,125.99,124.48,122.98,121.51,120.05,118.61,117.19,115.78,114.4,113.02,111.67,110.33,109.01,107.7,106.41,105.13,103.87,102.62,101.39,100.18,98.97,97.79,96.61,95.46,94.31,93.18,92.06,90.96,89.87,88.79,87.72,86.67,85.63,84.6,83.59,82.59,81.6,80.62,79.65,78.7,77.75,76.82,75.9,74.99,74.09,73.2,72.32,71.45,70.6,69.75,68.91,68.09,67.27,66.46,65.66
43,190.71,189.32,187.87,186.39,184.86,183.28,181.67,180.01,178.32,176.6,174.84,173.05,171.24,169.4,167.54,165.66,163.77,161.86,159.95,158.03,156.14,154.27,152.42,150.59,148.78,147.0,145.24,143.5,141.77,140.07,138.39,136.74,135.1,133.48,131.87,130.29,128.73,127.19,125.66,124.15,122.67,121.19,119.74,118.3,116.89,115.48,114.1,112.73,111.38,110.04,108.72,107.42,106.13,104.86,103.6,102.36,101.13,99.92,98.72,97.53,96.36,95.21,94.07,92.94,91.82,90.72,89.63,88.56,87.5,86.45,85.41,84.39,83.37,82.37,81.39,80.41,79.44,78.49,77.55,76.62,75.7,74.79,73.9,73.01,72.13,71.27,70.41,69.57
44,203.78,202.24,200.65,199.01,197.32,195.59,193.82,192.0,190.15,188.27,186.35,184.4,182.42,180.42,178.4,176.36,174.31,172.25,170.19,168.15,166.13,164.14,162.17,160.23,158.3,156.41,154.53,152.68,150.85,149.04,147.25,145.49,143.74,142.02,140.31,138.63,136.97,135.33,133.7,132.1,130.52,128.95,127.4,125.88,124.37,122.87,121.4,119.95,118.51,117.09,115.68,114.29,112.92,111.57,110.23,108.91,107.6,106.31,105.04,103.78,102.53,101.3,100.09,98.89,97.7,96.53,95.37,94.23,93.1,91.98,90.88,89.79,88.71,87.65,86.59,85.56,84.53,83.52,82.51,81.52,80.55,79.58,78.63,77.68,76.75,75.83,74.92,74.02
45,217.33,215.63,213.88,212.08,210.22,208.32,206.38,204.4,202.37,200.32,198.23,196.1,193.96,191.78,189.59,187.39,185.17,182.96,180.76,178.6,176.46,174.34,172.25,170.18,168.14,166.13,164.14,162.17,160.22,158.3,156.4,154.53,152.67,150.84,149.04,147.25,145.48,143.74,142.01,140.31,138.63,136.97,135.32,133.7,132.1,130.51,128.95,127.4,125.87,124.36,122.87,121.4,119.94,118.5,117.08,115.68,114.29,112.92,111.57,110.23,108.91,107.6,106.31,105.03,103.77,102.53,101.3,100.09,98.88,97.7,96.53,95.37,94.23,93.1,91.98,90.88,89.79,88.71,87.64,86.59,85.55,84.53,83.51,82.51,81.52,80.54,79.58,78.62
46,230.57,228.64,226.66,224.64,222.57,220.45,218.3,216.11,213.89,211.63,209.35,207.05,204.72,202.37,200.01,197.65,195.28,192.94,190.63,188.34,186.08,183.85,181.65,179.47,177.32,175.19,173.09,171.02,168.97,166.94,164.94,162.96,161.01,159.08,157.17,155.29,153.42,151.58,149.77,147.97,146.2,144.44,142.71,141.0,139.31,137.64,135.99,134.36,132.74,131.15,129.58,128.03,126.49,124.97,123.47,121.99,120.53,119.09,117.66,116.25,114.85,113.47,112.11,110.77,109.44,108.13,106.83,105.55,104.28,103.03,101.8,100.58,99.37,98.18,97.0,95.84,94.69,93.55,92.43,91.32,90.23,89.14,88.07,87.02,85.97,84.94,83.92,82.92
47,243.74,241.53,239.29,237.01,234.69,232.34,229.96,227.55,225.11,222.65,220.18,217.68,215.17,212.66,210.14,207.62,205.14,202.68,200.25,197.85,195.47,193.13,190.81,188.53,186.27,184.03,181.83,179.65,177.49,175.37,173.26,171.19,169.13,167.1,165.1,163.12,161.17,159.23,157.32,155.44,153.57,151.73,149.91,148.11,146.34,144.58,142.85,141.14,139.44,137.77,136.12,134.49,132.87,131.28,129.71,128.15,126.61,125.1,123.6,122.11,120.65,119.2,117.77,116.36,114.96,113.59,112.22,110.88,109.55,108.23,106.94,105.65,104.39,103.13,101.9,100.67,99.47,98.27,97.1,95.93,94.78,93.64,92.52,91.41,90.31,89.23,88.16,87.1
48,256.61,254.1,251.56,248.99,246.4,243.8,241.17,238.53,235.88,233.21,230.54,227.87,225.19,222.51,219.85,217.22,214.61,212.04,209.5,206.99,204.51,202.05,199.63,197.24,194.87,192.54,190.23,187.95,185.7,183.47,181.27,179.1,176.95,174.83,172.73,170.66,168.61,166.59,164.59,162.62,160.67,158.74,156.84,154.96,153.1,151.27,149.45,147.66,145.89,144.14,142.41,140.7,139.02,137.35,135.7,134.07,132.47,130.88,129.31,127.76,126.23,124.71,123.22,121.74,120.28,118.84,117.41,116.0,114.61,113.24,111.88,110.54,109.21,107.9,106.61,105.33,104.06,102.82,101.58,100.37,99.16,97.97,96.8,95.64,94.49,93.36,92.24,91.13
49,269.43,266.58,263.73,260.87,258.0,255.13,252.27,249.4,246.53,243.67,240.82,237.97,235.14,232.32,229.54,226.79,224.07,221.38,218.73,216.11,213.52,210.96,208.43,205.93,203.46,201.02,198.61,196.23,193.88,191.55,189.26,186.99,184.75,182.53,180.34,178.18,176.04,173.93,171.85,169.79,167.75,165.74,163.75,161.79,159.85,157.93,156.04,154.17,152.32,150.49,148.69,146.91,145.14,143.4,141.68,139.98,138.31,136.65,135.01,133.39,131.79,130.21,128.65,127.1,125.58,124.07,122.59,121.12,119.66,118.23,116.81,115.41,114.03,112.66,111.31,109.97,108.65,107.35,106.06,104.79,103.53,102.29,101.06,99.85,98.65,97.47,96.3,95.15
50,282.7,279.52,276.36,273.21,270.07,266.95,263.85,260.77,257.7,254.65,251.63,248.62,245.64,242.7,239.79,236.92,234.08,231.27,228.5,225.76,223.05,220.38,217.74,215.13,212.55,210.0,207.48,205.0,202.54,200.11,197.71,195.34,193.0,190.68,188.4,186.14,183.91,181.7,179.52,177.37,175.25,173.14,171.07,169.02,166.99,164.99,163.01,161.06,159.12,157.22,155.33,153.47,151.63,149.81,148.01,146.24,144.48,142.75,141.04,139.35,137.68,136.03,134.4,132.78,131.19,129.62,128.06,126.53,125.01,123.51,122.03,120.57,119.12,117.69,116.28,114.89,113.51,112.15,110.8,109.47,108.16,106.86,105.58,104.31,103.06,101.83,100.61,99.4
51,298.39,294.88,291.4,287.96,284.55,281.17,277.83,274.52,271.24,268.0,264.79,261.62,258.48,255.38,252.32,249.3,246.31,243.36,240.44,237.56,234.71,231.9,229.12,226.37,223.66,220.98,218.33,215.71,213.13,210.57,208.05,205.55,203.09,200.65,198.25,195.87,193.52,191.2,188.91,186.65,184.41,182.2,180.01,177.85,175.72,173.62,171.53,169.48,167.44,165.44,163.45,161.49,159.56,157.64,155.75,153.89,152.04,150.22,148.42,146.64,144.88,143.14,141.42,139.73,138.05,136.4,134.76,133.14,131.55,129.97,128.41,126.87,125.35,123.85,122.36,120.89,119.44,118.01,116.6,115.2,113.82,112.45,111.1,109.77,108.45,107.15,105.87,104.6
52,312.37,308.56,304.8,301.1,297.46,293.86,290.32,286.82,283.37,279.97,276.62,273.3,270.03,266.79,263.59,260.43,257.31,254.23,251.18,248.17,245.19,242.26,239.35,236.48,233.65,230.85,228.08,225.35,222.65,219.98,217.34,214.73,212.16,209.62,207.1,204.62,202.17,199.74,197.35,194.98,192.65,190.34,188.05,185.8,183.57,181.37,179.2,177.05,174.93,172.83,170.76,168.71,166.69,164.69,162.71,160.76,158.83,156.93,155.05,153.19,151.35,149.54,147.74,145.97,144.22,142.49,140.78,139.09,137.43,135.78,134.15,132.54,130.95,129.38,127.83,126.3,124.78,123.29,121.81,120.35,118.9,117.48,116.07,114.68,113.3,111.94,110.6,109.27
53,329.21,325.12,321.1,317.15,313.27,309.46,305.7,302.02,298.38,294.81,291.27,287.78,284.33,280.93,277.56,274.23,270.95,267.7,264.49,261.32,258.19,255.1,252.04,249.02,246.03,243.08,240.17,237.29,234.45,231.64,228.86,226.12,223.41,220.73,218.08,215.47,212.89,210.33,207.81,205.32,202.86,200.43,198.02,195.65,193.3,190.99,188.7,186.44,184.2,181.99,179.81,177.65,175.52,173.42,171.34,169.29,167.26,165.25,163.27,161.31,159.38,157.47,155.58,153.71,151.87,150.05,148.25,146.47,144.71,142.98,141.26,139.57,137.9,136.24,134.61,132.99,131.4,129.82,128.27,126.73,125.21,123.71,122.22,120.76,119.31,117.88,116.47,115.07
54,349.09,344.72,340.43,336.23,332.1,328.06,324.09,320.19,316.35,312.56,308.81,305.11,301.45,297.84,294.27,290.75,287.26,283.82,280.42,277.06,273.74,270.46,267.22,264.01,260.85,257.72,254.64,251.58,248.57,245.59,242.65,239.74,236.86,234.02,231.22,228.45,225.71,223.0,220.33,217.69,215.08,212.5,209.95,207.44,204.95,202.49,200.07,197.67,195.3,192.96,190.64,188.36,186.1,183.87,181.66,179.49,177.33,175.21,173.11,171.03,168.98,166.95,164.95,162.97,161.02,159.09,157.18,155.3,153.43,151.59,149.78,147.98,146.21,144.45,142.72,141.01,139.32,137.65,136.0,134.37,132.75,131.16,129.59,128.04,126.5,124.98,123.48,122.0
55,376.39,371.7,367.11,362.6,358.18,353.84,349.58,345.39,341.25,337.16,333.13,329.13,325.19,321.29,317.44,313.64,309.88,306.17,302.5,298.88,295.3,291.76,288.26,284.81,281.39,278.02,274.69,271.4,268.14,264.93,261.76,258.62,255.52,252.46,249.43,246.44,243.49,240.57,237.69,234.84,232.02,229.24,226.49,223.78,221.1,218.45,215.83,213.24,210.68,208.16,205.66,203.2,200.76,198.35,195.98,193.63,191.31,189.01,186.75,184.51,182.29,180.11,177.95,175.82,173.71,171.62,169.57,167.53,165.53,163.54,161.58,159.64,157.73,155.84,153.97,152.12,150.3,148.5,146.71,144.96,143.22,141.5,139.8,138.13,136.47,134.83,133.22,131.62
56,409.72,404.67,399.71,394.85,390.07,385.38,380.76,376.2,371.69,367.24,362.84,358.49,354.2,349.95,345.76,341.62,337.53,333.48,329.49,325.54,321.64,317.79,313.98,310.22,306.5,302.83,299.2,295.61,292.07,288.57,285.11,281.7,278.32,274.99,271.69,268.43,265.22,262.04,258.9,255.79,252.73,249.7,246.71,243.75,240.83,237.94,235.09,232.27,229.49,226.74,224.02,221.33,218.68,216.06,213.47,210.91,208.38,205.88,203.42,200.98,198.57,196.19,193.83,191.51,189.21,186.95,184.71,182.49,180.3,178.14,176.01,173.89,171.81,169.75,167.71,165.7,163.72,161.75,159.81,157.9,156.0,154.13,152.29,150.46,148.66,146.87,145.11,143.37
57,447.9,442.44,437.07,431.79,426.6,421.49,416.44,411.46,406.53,401.66,396.85,392.1,387.4,382.76,378.17,373.64,369.17,364.75,360.38,356.06,351.79,347.58,343.42,339.3,335.24,331.22,327.25,323.33,319.46,315.63,311.85,308.11,304.42,300.77,297.17,293.61,290.09,286.61,283.18,279.78,276.43,273.12,269.85,266.61,263.42,260.26,257.14,254.06,251.01,248.0,245.03,242.1,239.19,236.33,233.49,230.69,227.93,225.2,222.5,219.83,217.2,214.59,212.02,209.48,206.97,204.49,202.03,199.61,197.22,194.85,192.52,190.21,187.93,185.68,183.45,181.25,179.08,176.93,174.81,172.71,170.64,168.6,166.58,164.58,162.61,160.66,158.73,156.83
58,490.5,484.57,478.73,472.98,467.31,461.72,456.19,450.73,445.33,440.0,434.73,429.52,424.38,419.3,414.28,409.31,404.41,399.57,394.78,390.05,385.38,380.77,376.21,371.7,367.25,362.85,358.5,354.21,349.96,345.77,341.63,337.54,333.49,329.5,325.55,321.65,317.79,313.99,310.22,306.51,302.83,299.21,295.62,292.08,288.58,285.12,281.7,278.33,274.99,271.7,268.44,265.22,262.04,258.9,255.8,252.74,249.71,246.71,243.76,240.83,237.95,235.1,232.28,229.49,226.74,224.02,221.34,218.69,216.06,213.47,210.92,208.39,205.89,203.42,200.98,198.57,196.19,193.84,191.52,189.22,186.95,184.71,182.5,180.31,178.15,176.01,173.9,171.82
59,537.28,530.82,524.45,518.17,511.97,505.84,499.78,493.8,487.89,482.05,476.28,470.57,464.94,459.37,453.87,448.44,443.07,437.76,432.52,427.34,422.22,417.17,412.17,407.24,402.36,397.54,392.78,388.07,383.43,378.83,374.3,369.81,365.38,361.01,356.68,352.41,348.19,344.01,339.89,335.82,331.8,327.82,323.9,320.01,316.18,312.39,308.65,304.95,301.3,297.69,294.12,290.59,287.11,283.67,280.27,276.91,273.59,270.32,267.08,263.88,260.71,257.59,254.5,251.45,248.44,245.46,242.52,239.61,236.74,233.9,231.1,228.33,225.59,222.89,220.21,217.57,214.97,212.39,209.84,207.33,204.84,202.39,199.96,197.56,195.2,192.86,190.54,188.26
60,584.81,577.79,570.87,564.04,557.29,550.62,544.03,537.52,531.09,524.73,518.45,512.24,506.11,500.05,494.07,488.15,482.31,476.53,470.83,465.19,459.62,454.12,448.68,443.31,438.0,432.76,427.57,422.45,417.39,412.39,407.46,402.58,397.75,392.99,388.28,383.63,379.04,374.5,370.01,365.58,361.2,356.87,352.6,348.37,344.2,340.08,336.0,331.98,328.0,324.07,320.19,316.35,312.56,308.82,305.11,301.46,297.85,294.28,290.75,287.27,283.82,280.42,277.06,273.74,270.46,267.22,264.02,260.85,257.73,254.64,251.59,248.57,245.59,242.65,239.74,236.87,234.03,231.22,228.45,225.71,223.01,220.33,217.69,215.08,212.51,209.96,207.44,204.96
61,631.59,624.03,616.57,609.19,601.9,594.7,587.58,580.55,573.6,566.74,559.96,553.26,546.64,540.09,533.63,527.24,520.93,514.7,508.53,502.45,496.43,490.49,484.62,478.82,473.08,467.42,461.82,456.29,450.83,445.43,440.1,434.83,429.62,424.48,419.39,414.37,409.41,404.5,399.66,394.87,390.14,385.47,380.85,376.29,371.78,367.33,362.93,358.58,354.29,350.04,345.85,341.71,337.61,333.57,329.57,325.62,321.72,317.87,314.06,310.3,306.58,302.9,299.28,295.69,292.15,288.65,285.19,281.77,278.39,275.06,271.76,268.5,265.28,262.11,258.96,255.86,252.79,249.76,246.77,243.81,240.89,238.0,235.15,232.33,229.55,226.8,224.08,221.39
62,680.05,671.92,663.88,655.94,648.1,640.34,632.68,625.12,617.64,610.25,602.95,595.73,588.6,581.56,574.6,567.73,560.93,554.22,547.59,541.03,534.56,528.16,521.84,515.59,509.42,503.32,497.3,491.34,485.46,479.65,473.91,468.23,462.63,457.09,451.62,446.21,440.86,435.59,430.37,425.22,420.12,415.09,410.12,405.21,400.36,395.56,390.82,386.14,381.52,376.95,372.43,367.97,363.56,359.21,354.91,350.66,346.45,342.3,338.2,334.15,330.15,326.19,322.28,318.42,314.61,310.84,307.11,303.43,299.8,296.21,292.66,289.15,285.68,282.26,278.88,275.54,272.23,268.97,265.75,262.56,259.42,256.31,253.24,250.2,247.2,244.24,241.32,238.42
63,730.64,721.9,713.27,704.74,696.31,687.99,679.76,671.63,663.59,655.66,647.81,640.06,632.41,624.84,617.37,609.98,602.68,595.47,588.35,581.31,574.35,567.48,560.69,553.98,547.35,540.8,534.32,527.93,521.61,515.37,509.2,503.1,497.08,491.13,485.25,479.44,473.7,468.03,462.43,456.89,451.42,446.01,440.67,435.4,430.18,425.03,419.94,414.91,409.94,405.04,400.18,395.39,390.66,385.98,381.35,376.79,372.27,367.81,363.41,359.05,354.75,350.5,346.31,342.16,338.06,334.01,330.01,326.05,322.15,318.29,314.47,310.7,306.98,303.3,299.67,296.08,292.53,289.03,285.56,282.14,278.76,275.42,272.12,268.86,265.64,262.46,259.31,256.2
64,788.01,778.59,769.29,760.09,751.0,742.02,733.15,724.38,715.72,707.16,698.71,690.35,682.09,673.94,665.88,657.91,650.04,642.27,634.58,626.99,619.49,612.08,604.76,597.52,590.37,583.31,576.33,569.43,562.62,555.88,549.23,542.66,536.16,529.75,523.41,517.14,510.95,504.83,498.79,492.82,486.92,481.09,475.33,469.64,464.02,458.46,452.97,447.55,442.19,436.9,431.66,426.5,421.39,416.34,411.36,406.43,401.56,396.75,392.0,387.31,382.67,378.08,373.56,369.08,364.66,360.29,355.98,351.71,347.5,343.34,339.22,335.16,331.14,327.18,323.26,319.38,315.56,311.78,308.04,304.35,300.7,297.1,293.54,290.03,286.55,283.12,279.73,276.37
65,853.98,843.78,833.69,823.73,813.88,804.16,794.54,785.05,775.66,766.39,757.23,748.17,739.23,730.39,721.65,713.03,704.5,696.07,687.75,679.52,671.4,663.37,655.43,647.59,639.84,632.19,624.63,617.15,609.77,602.47,595.27,588.14,581.11,574.15,567.28,560.49,553.79,547.16,540.61,534.14,527.75,521.43,515.19,509.02,502.93,496.91,490.96,485.08,479.27,473.54,467.87,462.27,456.73,451.26,445.86,440.52,435.24,430.03,424.88,419.8,414.77,409.8,404.89,400.04,395.25,390.52,385.84,381.22,376.65,372.14,367.68,363.28,358.93,354.63,350.38,346.18,342.04,337.94,333.89,329.89,325.94,322.04,318.18,314.37,310.6,306.88,303.21,299.57
66,940.04,928.81,917.71,906.75,895.91,885.21,874.63,864.18,853.85,843.65,833.56,823.6,813.76,804.03,794.42,784.92,775.54,766.27,757.1,748.05,739.11,730.27,721.54,712.91,704.38,695.96,687.63,679.41,671.28,663.25,655.32,647.48,639.73,632.08,624.52,617.05,609.66,602.37,595.16,588.04,581.0,574.05,567.18,560.39,553.69,547.06,540.51,534.04,527.65,521.33,515.09,508.93,502.83,496.82,490.87,484.99,479.18,473.45,467.78,462.18,456.64,451.18,445.77,440.44,435.16,429.95,424.8,419.71,414.69,409.72,404.81,399.97,395.18,390.44,385.77,381.15,376.58,372.07,367.62,363.21,358.86,354.56,350.32,346.12,341.98,337.88,333.83,329.84
67,1036.06,1023.69,1011.47,999.39,987.45,975.65,964.0,952.48,941.11,929.86,918.75,907.77,896.93,886.21,875.62,865.15,854.81,844.6,834.5,824.53,814.67,804.93,795.31,785.8,776.41,767.12,757.95,748.89,739.93,731.08,722.34,713.7,705.17,696.73,688.4,680.16,672.03,663.99,656.05,648.2,640.44,632.78,625.21,617.73,610.34,603.03,595.82,588.69,581.64,574.68,567.8,561.01,554.29,547.66,541.11,534.63,528.23,521.91,515.66,509.49,503.39,497.36,491.41,485.52,479.71,473.97,468.29,462.68,457.14,451.67,446.26,440.92,435.64,430.42,425.27,420.17,415.14,410.17,405.26,400.41,395.61,390.88,386.19,381.57,377.0,372.49,368.03,363.62
68,1127.49,1114.03,1100.73,1087.59,1074.6,1061.77,1049.09,1036.57,1024.19,1011.96,999.87,987.93,976.13,964.47,952.94,941.56,930.31,919.2,908.21,897.36,886.64,876.04,865.57,855.23,845.0,834.9,824.92,815.06,805.32,795.69,786.18,776.78,767.49,758.31,749.25,740.29,731.43,722.69,714.04,705.5,697.07,688.73,680.49,672.35,664.31,656.36,648.51,640.75,633.08,625.51,618.02,610.63,603.32,596.1,588.97,581.92,574.96,568.08,561.28,554.56,547.92,541.36,534.88,528.48,522.15,515.9,509.73,503.62,497.6,491.64,485.75,479.94,474.19,468.51,462.91,457.36,451.89,446.48,441.13,435.85,430.63,425.48,420.38,415.35,410.38,405.47,400.61,395.82
69,1223.33,1208.74,1194.31,1180.06,1165.98,1152.06,1138.31,1124.72,1111.3,1098.03,1084.92,1071.97,1059.17,1046.52,1034.03,1021.68,1009.47,997.42,985.5,973.73,962.1,950.61,939.25,928.03,916.94,905.98,895.16,884.46,873.89,863.45,853.13,842.93,832.85,822.9,813.06,803.34,793.74,784.25,774.87,765.61,756.45,747.41,738.47,729.64,720.91,712.29,703.77,695.35,687.04,678.82,670.7,662.67,654.75,646.91,639.17,631.53,623.97,616.5,609.13,601.84,594.64,587.52,580.49,573.54,566.68,559.9,553.2,546.57,540.03,533.57,527.18,520.87,514.64,508.48,502.39,496.38,490.44,484.57,478.77,473.04,467.38,461.78,456.25,450.79,445.4,440.07,434.8,429.6
70,1330.23,1314.36,1298.69,1283.2,1267.89,1252.77,1237.82,1223.05,1208.46,1194.04,1179.79,1165.71,1151.8,1138.05,1124.47,1111.04,1097.78,1084.67,1071.72,1058.93,1046.28,1033.79,1021.44,1009.24,997.19,985.28,973.51,961.88,950.39,939.04,927.82,916.73,905.78,894.95,884.26,873.69,863.25,852.93,842.74,832.66,822.71,812.88,803.16,793.56,784.07,774.69,765.43,756.28,747.24,738.3,729.47,720.75,712.13,703.61,695.19,686.88,678.66,670.54,662.52,654.6,646.77,639.03,631.38,623.83,616.36,608.99,601.7,594.5,587.39,580.36,573.41,566.55,559.77,553.08,546.46,539.92,533.46,527.07,520.77,514.54,508.38,502.3,496.28,490.35,484.48,478.68,472.95,467.29
71,1449.77,1432.49,1415.41,1398.54,1381.87,1365.39,1349.11,1333.02,1317.12,1301.42,1285.89,1270.56,1255.4,1240.42,1225.62,1211.0,1196.55,1182.27,1168.16,1154.22,1140.44,1126.83,1113.38,1100.09,1086.96,1073.98,1061.15,1048.48,1035.96,1023.59,1011.37,999.29,987.35,975.56,963.9,952.39,941.01,929.77,918.66,907.68,896.84,886.12,875.53,865.07,854.73,844.51,834.42,824.44,814.59,804.85,795.23,785.72,776.33,767.04,757.87,748.81,739.86,731.01,722.27,713.63,705.09,696.66,688.33,680.09,671.96,663.92,655.98,648.13,640.38,632.72,625.15,617.67,610.28,602.98,595.77,588.64,581.6,574.64,567.77,560.97,554.26,547.63,541.08,534.61,528.21,521.9,515.65,509.48
72,1584.13,1565.26,1546.61,1528.19,1509.98,1491.99,1474.21,1456.64,1439.28,1422.12,1405.17,1388.42,1371.87,1355.51,1339.34,1323.37,1307.59,1291.99,1276.58,1261.36,1246.31,1231.44,1216.75,1202.23,1187.88,1173.71,1159.7,1145.86,1132.18,1118.67,1105.31,1092.12,1079.08,1066.19,1053.46,1040.88,1028.45,1016.17,1004.04,992.04,980.19,968.49,956.92,945.48,934.19,923.03,912.0,901.1,890.33,879.69,869.18,858.79,848.53,838.38,828.36,818.46,808.68,799.01,789.46,780.02,770.69,761.48,752.37,743.37,734.49,725.7,717.02,708.45,699.98,691.61,683.34,675.16,667.09,659.11,651.23,643.44,635.75,628.15,620.63,613.21,605.88,598.63,591.47,584.4,577.41,570.51,563.69,556.94
73,1735.38,1714.73,1694.32,1674.14,1654.21,1634.51,1615.05,1595.81,1576.81,1558.02,1539.46,1521.12,1503.0,1485.09,1467.39,1449.9,1432.62,1415.55,1398.67,1382.0,1365.52,1349.24,1333.15,1317.25,1301.54,1286.02,1270.68,1255.52,1240.54,1225.74,1211.11,1196.66,1182.38,1168.27,1154.33,1140.55,1126.94,1113.49,1100.19,1087.06,1074.08,1061.26,1048.58,1036.06,1023.69,1011.46,999.38,987.45,975.65,964.0,952.48,941.1,929.86,918.75,907.77,896.92,886.2,875.61,865.15,854.81,844.59,834.5,824.52,814.67,804.93,795.3,785.8,776.4,767.12,757.95,748.89,739.94,731.1,722.36,713.72,705.19,696.76,688.43,680.2,672.07,664.04,656.1,648.25,640.51,632.85,625.28,617.81,610.42
74,1905.23,1882.57,1860.18,1838.05,1816.18,1794.57,1773.22,1752.11,1731.26,1710.65,1690.29,1670.16,1650.28,1630.63,1611.21,1592.02,1573.06,1554.32,1535.8,1517.5,1499.42,1481.56,1463.9,1446.45,1429.21,1412.18,1395.34,1378.71,1362.27,1346.02,1329.97,1314.11,1298.44,1282.95,1267.65,1252.53,1237.59,1222.82,1208.23,1193.81,1179.57,1165.49,1151.58,1137.83,1124.25,1110.83,1097.57,1084.47,1071.52,1058.73,1046.08,1033.59,1021.25,1009.05,997.0,985.09,973.32,961.7,950.21,938.86,927.64,916.56,905.6,894.78,884.09,873.53,863.09,852.78,842.59,832.52,822.57,812.74,803.03,793.44,783.96,774.59,765.33,756.19,747.15,738.23,729.4,720.69,712.08,703.57,695.16,686.86,678.65,670.54
75,2095.15,2070.25,2045.65,2021.33,1997.31,1973.56,1950.1,1926.91,1903.99,1881.35,1858.97,1836.86,1815.0,1793.41,1772.07,1750.98,1730.14,1709.54,1689.19,1669.08,1649.21,1629.57,1610.17,1590.99,1572.04,1553.31,1534.81,1516.52,1498.45,1480.6,1462.95,1445.52,1428.29,1411.26,1394.44,1377.81,1361.39,1345.15,1329.11,1313.26,1297.6,1282.12,1266.83,1251.72,1236.78,1222.03,1207.45,1193.04,1178.8,1164.73,1150.83,1137.1,1123.52,1110.11,1096.86,1083.76,1070.82,1058.04,1045.4,1032.92,1020.58,1008.4,996.35,984.45,972.7,961.08,949.6,938.26,927.05,915.98,905.04,894.23,883.55,873.0,862.58,852.27,842.1,832.04,822.1,812.28,802.58,793.0,783.53,774.17,764.92,755.79,746.76,737.84
76,2305.9,2278.53,2251.47,2224.74,2198.32,2172.21,2146.41,2120.91,2095.71,2070.81,2046.2,2021.88,1997.85,1974.1,1950.63,1927.43,1904.51,1881.86,1859.48,1837.36,1815.5,1793.9,1772.55,1751.45,1730.61,1710.01,1689.65,1669.54,1649.66,1630.01,1610.6,1591.42,1572.47,1553.73,1535.22,1516.93,1498.86,1481.0,1463.35,1445.91,1428.67,1411.64,1394.82,1378.19,1361.76,1345.52,1329.47,1313.62,1297.95,1282.47,1267.17,1252.06,1237.12,1222.36,1207.77,1193.36,1179.12,1165.05,1151.14,1137.41,1123.83,1110.41,1097.16,1084.06,1071.12,1058.34,1045.71,1033.22,1020.89,1008.7,996.66,984.77,973.01,961.4,949.92,938.58,927.38,916.31,905.37,894.57,883.89,873.34,862.91,852.61,842.44,832.38,822.45,812.63
77,2503.41,2473.73,2444.39,2415.4,2386.75,2358.43,2330.44,2302.79,2275.46,2248.45,2221.75,2195.37,2169.3,2143.54,2118.08,2092.91,2068.05,2043.47,2019.19,1995.19,1971.48,1948.04,1924.88,1901.99,1879.37,1857.02,1834.93,1813.1,1791.53,1770.22,1749.15,1728.34,1707.77,1687.44,1667.35,1647.5,1627.88,1608.5,1589.34,1570.42,1551.71,1533.23,1514.96,1496.91,1479.08,1461.45,1444.04,1426.83,1409.82,1393.01,1376.41,1360.0,1343.78,1327.76,1311.93,1296.28,1280.82,1265.54,1250.45,1235.53,1220.79,1206.23,1191.84,1177.62,1163.58,1149.69,1135.98,1122.43,1109.04,1095.81,1082.74,1069.82,1057.06,1044.45,1031.99,1019.68,1007.52,995.5,983.62,971.89,960.29,948.84,937.52,926.34,915.29,904.37,893.58,882.92
78,2759.5,2726.82,2694.52,2662.6,2631.05,2599.87,2569.06,2538.61,2508.51,2478.76,2449.37,2420.32,2391.61,2363.23,2335.19,2307.48,2280.09,2253.03,2226.28,2199.85,2173.72,2147.91,2122.4,2097.18,2072.27,2047.64,2023.31,1999.26,1975.5,1952.02,1928.81,1905.87,1883.21,1860.81,1838.68,1816.81,1795.19,1773.83,1752.73,1731.87,1711.26,1690.89,1670.76,1650.87,1631.21,1611.79,1592.59,1573.63,1554.88,1536.36,1518.06,1499.97,1482.1,1464.44,1446.99,1429.75,1412.7,1395.86,1379.23,1362.78,1346.54,1330.49,1314.63,1298.95,1283.47,1268.17,1253.05,1238.11,1223.36,1208.77,1194.36,1180.12,1166.06,1152.16,1138.42,1124.85,1111.44,1098.19,1085.1,1072.17,1059.38,1046.76,1034.28,1021.95,1009.77,997.73,985.83,974.08
79,3046.68,3010.65,2975.04,2939.84,2905.06,2870.68,2836.7,2803.12,2769.93,2737.12,2704.7,2672.67,2641.0,2609.71,2578.78,2548.21,2518.0,2488.15,2458.64,2429.48,2400.66,2372.18,2344.04,2316.22,2288.73,2261.56,2234.72,2208.18,2181.96,2156.05,2130.44,2105.13,2080.13,2055.41,2030.98,2006.85,1982.99,1959.42,1936.13,1913.11,1890.36,1867.88,1845.66,1823.7,1802.01,1780.57,1759.38,1738.45,1717.76,1697.31,1677.11,1657.14,1637.41,1617.91,1598.65,1579.61,1560.8,1542.2,1523.83,1505.68,1487.75,1470.03,1452.52,1435.22,1418.12,1401.23,1384.54,1368.05,1351.75,1335.65,1319.74,1304.02,1288.49,1273.14,1257.97,1242.99,1228.18,1213.55,1199.1,1184.82,1170.7,1156.76,1142.98,1129.37,1115.91,1102.62,1089.49,1076.51
80,3371.86,3332.05,3292.7,3253.8,3215.36,3177.37,3139.81,3102.7,3066.01,3029.76,2993.92,2958.51,2923.51,2888.91,2854.72,2820.93,2787.53,2754.52,2721.9,2689.66,2657.79,2626.3,2595.18,2564.42,2534.02,2503.98,2474.29,2444.95,2415.95,2387.29,2358.97,2330.97,2303.31,2275.97,2248.96,2222.26,2195.87,2169.79,2144.02,2118.56,2093.39,2068.52,2043.94,2019.65,1995.65,1971.92,1948.48,1925.32,1902.42,1879.8,1857.44,1835.35,1813.52,1791.94,1770.62,1749.55,1728.73,1708.16,1687.83,1667.74,1647.89,1628.28,1608.91,1589.76,1570.84,1552.15,1533.67,1515.42,1497.39,1479.57,1461.96,1444.56,1427.37,1410.38,1393.6,1377.01,1360.63,1344.44,1328.44,1312.63,1297.01,1281.57,1266.32,1251.25,1236.36,1221.64,1207.11,1192.74
81,3712.87,3669.11,3625.85,3583.1,3540.84,3499.08,3457.79,3416.99,3376.66,3336.79,3297.39,3258.45,3219.96,3181.92,3144.32,3107.15,3070.42,3034.12,2998.24,2962.78,2927.73,2893.09,2858.85,2825.02,2791.58,2758.52,2725.86,2693.58,2661.67,2630.14,2598.97,2568.17,2537.73,2507.65,2477.92,2448.54,2419.5,2390.8,2362.44,2334.41,2306.71,2279.33,2252.28,2225.54,2199.12,2173.01,2147.2,2121.7,2096.5,2071.59,2046.98,2022.66,1998.62,1974.87,1951.39,1928.19,1905.27,1882.62,1860.24,1838.12,1816.27,1794.68,1773.34,1752.26,1731.43,1710.85,1690.51,1670.41,1650.55,1630.93,1611.54,1592.39,1573.45,1554.75,1536.27,1518.0,1499.96,1482.12,1464.5,1447.09,1429.89,1412.89,1396.1,1379.5,1363.1,1346.89,1330.88,1315.06
82,4139.3,4090.62,4042.5,3994.93,3947.92,3901.44,3855.5,3810.09,3765.21,3720.84,3676.99,3633.65,3590.8,3548.46,3506.6,3465.23,3424.34,3383.92,3343.97,3304.49,3265.46,3226.89,3188.77,3151.09,3113.85,3077.04,3040.66,3004.7,2969.17,2934.04,2899.33,2865.02,2831.11,2797.6,2764.48,2731.74,2699.39,2667.42,2635.82,2604.59,2573.72,2543.22,2513.07,2483.28,2453.83,2424.73,2395.97,2367.55,2339.46,2311.7,2284.27,2257.15,2230.36,2203.88,2177.71,2151.86,2126.31,2101.06,2076.11,2051.46,2027.1,2003.03,1979.25,1955.75,1932.53,1909.58,1886.91,1864.51,1842.37,1820.49,1798.88,1777.52,1756.41,1735.56,1714.95,1694.59,1674.47,1654.58,1634.94,1615.52,1596.34,1577.39,1558.66,1540.15,1521.87,1503.8,1485.94,1468.3
83,4626.99,4572.7,4519.04,4465.99,4413.55,4361.71,4310.47,4259.82,4209.75,4160.26,4111.33,4062.97,4015.17,3967.92,3921.21,3875.04,3829.41,3784.3,3739.72,3695.65,3652.09,3609.03,3566.47,3524.41,3482.83,3441.73,3401.12,3360.97,3321.29,3282.07,3243.3,3204.99,3167.12,3129.69,3092.7,3056.14,3020.0,2984.28,2948.98,2914.1,2879.62,2845.54,2811.86,2778.57,2745.67,2713.15,2681.02,2649.26,2617.87,2586.85,2556.19,2525.89,2495.95,2466.36,2437.11,2408.22,2379.66,2351.45,2323.57,2296.02,2268.8,2241.9,2215.31,2189.05,2163.09,2137.45,2112.1,2087.06,2062.31,2037.86,2013.7,1989.82,1966.23,1942.92,1919.88,1897.12,1874.62,1852.4,1830.43,1808.73,1787.29,1766.09,1745.15,1724.46,1704.02,1683.81,1663.85,1644.12
84,5180.22,5119.61,5059.69,5000.46,4941.9,4884.01,4826.78,4770.21,4714.28,4659.0,4604.34,4550.32,4496.91,4444.12,4391.93,4340.34,4289.34,4238.93,4189.1,4139.85,4091.16,4043.03,3995.46,3948.43,3901.95,3856.01,3810.59,3765.7,3721.33,3677.47,3634.12,3591.28,3548.92,3507.06,3465.69,3424.79,3384.37,3344.42,3304.93,3265.9,3227.32,3189.19,3151.51,3114.26,3077.45,3041.06,3005.1,2969.56,2934.43,2899.71,2865.4,2831.49,2797.97,2764.85,2732.12,2699.78,2667.82,2636.24,2605.04,2574.2,2543.73,2513.62,2483.86,2454.46,2425.41,2396.7,2368.33,2340.29,2312.59,2285.22,2258.17,2231.43,2205.02,2178.92,2153.13,2127.64,2102.45,2077.57,2052.97,2028.67,2004.66,1980.93,1957.48,1934.31,1911.41,1888.79,1866.43,1844.34
85,5801.1,5733.44,5666.54,5600.41,5535.02,5470.38,5406.47,5343.29,5280.82,5219.07,5158.02,5097.66,5038.0,4979.01,4920.7,4863.05,4806.06,4749.73,4694.03,4638.98,4584.56,4530.76,4477.57,4425.0,4373.03,4321.66,4270.88,4220.68,4171.06,4122.02,4073.53,4025.61,3978.24,3931.41,3885.13,3839.37,3794.15,3749.45,3705.27,3661.6,3618.43,3575.76,3533.59,3491.91,3450.71,3409.98,3369.73,3329.95,3290.63,3251.77,3213.35,3175.39,3137.87,3100.8,3064.16,3027.96,2992.18,2956.83,2921.89,2887.37,2853.26,2819.55,2786.23,2753.31,2720.78,2688.64,2656.87,2625.48,2594.46,2563.8,2533.51,2503.58,2474.0,2444.77,2415.88,2387.34,2359.13,2331.26,2303.72,2276.5,2249.6,2223.02,2196.76,2170.8,2145.15,2119.81,2094.76,2070.01
86,6488.99,6413.57,6339.0,6265.27,6192.37,6120.29,6049.03,5978.56,5908.9,5840.02,5771.92,5704.59,5638.02,5572.21,5507.14,5442.82,5379.22,5316.35,5254.19,5192.74,5131.99,5071.93,5012.56,4953.86,4895.84,4838.47,4781.77,4725.71,4670.29,4615.51,4561.35,4507.82,4454.9,4402.59,4350.88,4299.76,4249.23,4199.28,4149.91,4101.11,4052.86,4005.18,3958.04,3911.45,3865.39,3819.87,3774.87,3730.4,3686.43,3642.98,3600.03,3557.58,3515.64,3474.19,3433.23,3392.75,3352.75,3313.22,3274.16,3235.56,3197.41,3159.71,3122.46,3085.64,3049.26,3013.31,2977.79,2942.68,2907.98,2873.7,2839.82,2806.34,2773.25,2740.55,2708.24,2676.31,2644.76,2613.58,2582.76,2552.31,2522.22,2492.48,2463.1,2434.06,2405.36,2377.0,2348.97,2321.28
87,7244.6,7160.73,7077.79,6995.78,6914.68,6834.49,6755.2,6676.79,6599.27,6522.61,6446.81,6371.87,6297.77,6224.5,6152.06,6080.43,6009.62,5939.6,5870.37,5801.93,5734.26,5667.36,5601.21,5535.82,5471.17,5407.25,5344.06,5281.58,5219.82,5158.76,5098.4,5038.72,4979.73,4921.41,4863.75,4806.76,4750.41,4694.71,4639.65,4585.22,4531.41,4478.22,4425.64,4373.67,4322.29,4271.5,4221.3,4171.67,4122.61,4074.12,4026.2,3978.85,3932.05,3885.8,3840.09,3794.93,3750.29,3706.18,3662.59,3619.51,3576.94,3534.86,3493.29,3452.2,3411.59,3371.47,3331.81,3292.62,3253.89,3215.62,3177.8,3140.42,3103.48,3066.98,3030.91,2995.26,2960.03,2925.21,2890.81,2856.8,2823.2,2790.0,2757.18,2724.75,2692.7,2661.03,2629.73,2598.8
88,8076.39,7983.29,7891.22,7800.17,7710.12,7621.07,7533.01,7445.93,7359.82,7274.66,7190.45,7107.18,7024.84,6943.42,6862.91,6783.3,6704.58,6626.74,6549.77,6473.67,6398.43,6324.03,6250.47,6177.73,6105.82,6034.71,5964.41,5894.91,5826.18,5758.24,5691.07,5624.65,5558.99,5494.08,5429.9,5366.45,5303.72,5241.71,5180.4,5119.79,5059.87,5000.63,4942.07,4884.18,4826.95,4770.38,4714.45,4659.16,4604.51,4550.49,4497.11,4444.36,4392.23,4340.7,4289.78,4239.46,4189.73,4140.58,4092.01,4044.01,3996.57,3949.69,3903.36,3857.57,3812.32,3767.6,3723.4,3679.72,3636.56,3593.9,3551.74,3510.08,3468.9,3428.21,3387.99,3348.25,3308.97,3270.16,3231.8,3193.89,3156.42,3119.39,3082.8,3046.64,3010.9,2975.58,2940.67,2906.18
89,8993.65,8890.47,8788.42,8687.49,8587.67,8488.94,8391.29,8294.72,8199.21,8104.75,8011.34,7918.96,7827.6,7737.25,7647.9,7559.54,7472.16,7385.76,7300.31,7215.82,7132.27,7049.64,6967.95,6887.16,6807.28,6728.29,6650.19,6572.96,6496.6,6421.09,6346.44,6272.62,6199.64,6127.48,6056.13,5985.59,5915.84,5846.89,5778.71,5711.3,5644.66,5578.77,5513.63,5449.23,5385.56,5322.62,5260.39,5198.87,5138.06,5077.97,5018.59,4959.89,4901.89,4844.56,4787.9,4731.9,4676.56,4621.87,4567.82,4514.4,4461.6,4409.42,4357.85,4306.88,4256.51,4206.73,4157.54,4108.91,4060.86,4013.37,3966.43,3920.04,3874.19,3828.89,3784.11,3739.85,3696.11,3652.88,3610.16,3567.94,3526.21,3484.97,3444.22,3403.94,3364.13,3324.78,3285.9,3247.47
90,9997.34,9883.27,9770.42,9658.8,9548.39,9439.17,9331.14,9224.29,9118.6,9014.07,8910.67,8808.41,8707.26,8607.22,8508.28,8410.43,8313.65,8217.94,8123.28,8029.66,7937.08,7845.52,7754.98,7665.44,7576.89,7489.32,7402.73,7317.1,7232.42,7148.68,7065.88,6984.01,6903.04,6822.99,6743.82,6665.55,6588.15,6511.62,6435.95,6361.13,6287.16,6214.01,6141.69,6070.18,5999.48,5929.58,5860.47,5792.17,5724.66,5657.94,5591.99,5526.81,5462.4,5398.73,5335.81,5273.62,5212.15,5151.4,5091.36,5032.02,4973.37,4915.4,4858.11,4801.49,4745.53,4690.22,4635.55,4581.52,4528.12,4475.35,4423.19,4371.63,4320.68,4270.32,4220.55,4171.36,4122.74,4074.69,4027.2,3980.26,3933.87,3888.02,3842.7,3797.91,3753.65,3709.9,3666.66,3623.92
91,11301.31,11179.67,11059.25,10940.05,10822.07,10705.28,10589.67,10475.25,10361.99,10249.89,10138.93,10029.11,9920.41,9812.83,9706.36,9600.98,9496.69,9393.47,9291.32,9190.22,9090.17,8991.16,8893.17,8796.21,8700.25,8605.29,8511.32,8418.33,8326.31,8235.25,8145.14,8055.98,7967.76,7880.46,7794.07,7708.6,7624.03,7540.34,7457.54,7375.61,7294.55,7214.35,7134.99,7056.48,6978.8,6901.94,6825.93,6750.76,6676.41,6602.88,6530.17,6458.25,6387.12,6316.78,6247.22,6178.42,6110.37,6043.08,5976.53,5910.71,5845.61,5781.24,5717.57,5654.6,5592.33,5530.74,5469.83,5409.59,5350.01,5291.09,5232.82,5175.19,5118.2,5061.83,5006.09,4950.95,4896.43,4842.5,4789.17,4736.43,4684.27,4632.68,4581.66,4531.2,4481.3,4431.95,4383.14,4334.87
92,12644.52,12516.62,12389.92,12264.41,12140.09,12016.94,11894.96,11774.14,11654.46,11535.92,11418.51,11302.22,11187.05,11072.97,10959.98,10848.08,10737.25,10627.49,10518.79,10411.13,10304.51,10198.93,10094.36,9990.81,9888.27,9786.72,9686.16,9586.57,9487.96,9390.31,9293.62,9197.87,9103.06,9009.18,8916.22,8824.17,8733.03,8642.79,8553.43,8464.96,8377.36,8290.63,8204.76,8119.74,8035.56,7952.25,7869.81,7788.22,7707.48,7627.57,7548.5,7470.24,7392.79,7316.15,7240.3,7165.24,7090.96,7017.44,6944.69,6872.69,6801.44,6730.93,6661.15,6592.09,6523.75,6456.12,6389.19,6322.95,6257.4,6192.52,6128.32,6064.79,6001.92,5939.69,5878.11,5817.18,5756.87,5697.18,5638.12,5579.67,5521.82,5464.58,5407.92,5351.86,5296.38,5241.47,5187.13,5133.35
93,14122.31,13988.63,13856.11,13724.75,13594.53,13465.46,13337.51,13210.69,13084.98,12960.38,12836.88,12714.46,12593.14,12472.88,12353.7,12235.57,12118.5,12002.47,11887.47,11773.51,11660.56,11548.63,11437.7,11327.77,11218.83,11110.87,11003.88,10897.87,10792.81,10688.71,10585.55,10483.32,10382.03,10281.66,10182.21,10083.66,9986.02,9889.27,9793.4,9698.42,9604.31,9511.06,9418.67,9327.14,9236.49,9146.72,9057.83,8969.8,8882.63,8796.3,8710.81,8626.15,8542.32,8459.3,8377.09,8295.67,8215.05,8135.21,8056.15,7977.85,7900.32,7823.54,7747.5,7672.21,7597.65,7523.81,7450.69,7378.28,7306.57,7235.56,7165.24,7095.6,7026.64,6958.35,6890.73,6823.76,6757.44,6691.77,6626.73,6562.33,6498.55,6435.4,6372.85,6310.92,6249.58,6188.85,6128.7,6069.14
94,15883.17,15743.12,15604.19,15466.37,15329.66,15194.05,15059.53,14926.1,14793.74,14662.46,14532.25,14403.09,14274.98,14147.92,14021.9,13896.91,13772.94,13650.0,13528.06,13407.13,13287.2,13168.26,13050.3,12933.32,12817.31,12702.27,12588.18,12475.05,12362.86,12251.61,12141.29,12031.9,11923.43,11815.86,11709.21,11603.45,11498.59,11394.61,11291.52,11189.3,11087.94,10987.45,10887.82,10789.08,10691.24,10594.29,10498.22,10403.02,10308.68,10215.2,10122.57,10030.77,9939.81,9849.68,9760.36,9671.85,9584.14,9497.23,9411.11,9325.76,9241.2,9157.39,9074.35,8992.06,8910.52,8829.72,8749.65,8670.31,8591.68,8513.77,8436.56,8360.06,8284.25,8209.12,8134.68,8060.92,7987.82,7915.38,7843.6,7772.48,7701.99,7632.15,7562.94,7494.36,7426.4,7359.05,7292.32,7226.19
95,17709.47,17564.75,17421.09,17278.48,17136.91,16996.39,16856.89,16718.43,16580.99,16444.56,16309.15,16174.74,16041.33,15908.92,15777.5,15647.06,15517.6,15389.11,15261.59,15135.03,15009.43,14884.77,14761.06,14638.29,14516.46,14395.55,14275.56,14156.49,14038.33,13921.08,13804.73,13689.27,13574.7,13461.02,13348.21,13236.27,13125.21,13015.0,12905.65,12797.16,12689.5,12582.69,12476.78,12371.75,12267.62,12164.35,12061.96,11960.43,11859.75,11759.93,11660.94,11562.78,11465.45,11368.94,11273.25,11178.36,11084.26,10990.96,10898.45,10806.71,10715.75,10625.55,10536.11,10447.42,10359.48,10272.28,10185.81,10100.08,10015.06,9930.76,9847.17,9764.28,9682.09,9600.59,9519.78,9439.65,9360.19,9281.4,9203.28,9125.81,9048.99,8972.82,8897.29,8822.4,8748.14,8674.5,8601.49,8529.08
96,19754.3,19605.54,19457.76,19310.96,19165.13,19020.28,18876.39,18733.46,18591.48,18450.46,18310.39,18171.25,18033.06,17895.8,17759.48,17624.08,17489.6,17356.03,17223.38,17091.64,16960.8,16830.85,16701.81,16573.65,16446.38,16319.98,16194.47,16069.82,15946.05,15823.13,15701.08,15579.88,15459.52,15340.01,15221.34,15103.51,14986.51,14870.33,14754.98,14640.44,14526.72,14413.88,14301.91,14190.82,14080.59,13971.21,13862.68,13755.0,13648.15,13542.14,13436.95,13332.57,13229.0,13126.24,13024.28,12923.11,12822.73,12723.12,12624.29,12526.23,12428.93,12332.38,12236.59,12141.53,12047.22,11953.64,11860.79,11768.65,11677.24,11586.53,11496.53,11407.23,11318.62,11230.7,11143.46,11056.9,10971.01,10885.79,10801.23,10717.33,10634.08,10551.47,10469.51,10388.19,10307.49,10227.43,10147.98,10069.15
97,21999.38,21847.85,21697.22,21547.48,21398.63,21250.67,21103.59,20957.38,20812.06,20667.6,20524.02,20381.3,20239.45,20098.45,19958.31,19819.03,19680.59,19543.0,19406.25,19270.35,19135.28,19001.04,18867.63,18735.05,18603.29,18472.35,18342.23,18212.91,18084.41,17956.71,17829.82,17703.72,17578.41,17453.9,17330.18,17207.23,17085.07,16963.69,16843.08,16723.24,16604.25,16486.11,16368.81,16252.34,16136.7,16021.89,15907.89,15794.7,15682.32,15570.74,15459.95,15349.95,15240.73,15132.29,15024.62,14917.72,14811.58,14706.19,14601.55,14497.66,14394.51,14292.09,14190.4,14089.43,13989.18,13889.65,13790.82,13692.7,13595.27,13498.54,13402.49,13307.13,13212.45,13118.44,13025.1,12932.43,12840.41,12749.05,12658.34,12568.27,12478.85,12390.06,12301.9,12214.37,12127.46,12041.17,11955.5,11870.43
98,24582.93,24429.32,24276.5,24124.49,23973.27,23822.85,23673.22,23524.38,23376.33,23229.06,23082.58,22936.88,22791.96,22647.82,22504.45,22361.85,22220.03,22078.97,21938.68,21799.15,21660.38,21522.37,21385.12,21248.62,21112.88,20977.88,20843.63,20710.12,20577.35,20445.32,20314.03,20183.47,20053.65,19924.55,19796.17,19668.52,19541.59,19415.38,19289.89,19165.2,19041.32,18918.25,18795.96,18674.47,18553.76,18433.84,18314.68,18196.3,18078.69,17961.83,17845.73,17730.38,17615.78,17501.91,17388.78,17276.39,17164.72,17053.77,16943.54,16834.02,16725.21,16617.1,16509.69,16402.98,16296.95,16191.61,16086.95,15982.97,15879.66,15777.02,15675.04,15573.72,15473.06,15373.04,15273.68,15174.95,15076.86,14979.41,14882.59,14786.39,14690.82,14595.86,14501.51,14407.78,14314.65,14222.13,14130.2,14038.86
99,27396.1,27242.23,27089.05,26936.57,26784.79,26633.69,26483.29,26333.59,26184.57,26036.24,25888.6,25741.65,25595.38,25449.79,25304.89,25160.67,25017.13,24874.26,24732.08,24590.57,24449.73,24309.57,24170.07,24031.25,23893.09,23755.6,23618.78,23482.62,23347.11,23212.27,23078.09,22944.57,22811.69,22679.48,22547.91,22416.99,22286.72,22157.1,22028.23,21900.11,21772.73,21646.1,21520.2,21395.03,21270.59,21146.88,21023.89,20901.61,20780.04,20659.18,20539.02,20419.56,20300.8,20182.72,20065.34,19948.63,19832.61,19717.26,19602.58,19488.57,19375.22,19262.53,19150.49,19039.11,18928.37,18818.28,18708.83,18600.02,18491.83,18384.28,18277.36,18171.05,18065.36,17960.29,17855.83,17751.98,17648.73,17546.08,17444.03,17342.57,17241.7,17141.42,17041.73,16942.61,16844.07,16746.1,16648.7,16551.87
100,30199.85,30048.95,29898.63,29748.89,29599.73,29451.16,29303.18,29155.77,29008.95,28862.71,28717.04,28571.96,28427.46,28283.54,28140.2,27997.44,27855.25,27713.64,27572.6,27432.15,27292.26,27152.95,27014.21,26876.05,26738.46,26601.43,26464.98,26329.1,26193.78,26059.04,25924.85,25791.24,25658.19,25525.7,25393.77,25262.41,25131.6,25001.48,24872.02,24743.24,24615.12,24487.67,24360.88,24234.74,24109.26,23984.43,23860.24,23736.7,23613.79,23491.52,23369.89,23248.89,23128.51,23008.75,22889.62,22771.1,22653.19,22535.9,22419.21,22303.13,22187.65,22072.77,21958.48,21844.78,21731.67,21619.15,21507.21,21395.85,21285.07,21174.86,21065.22,20956.15,20847.64,20739.69,20632.31,20525.48,20419.2,20313.47,20208.29,20103.66,19999.57,19896.01,19792.99,19690.51,19588.56,19487.13,19386.23,19285.85
101,33332.63,33186.31,33040.47,32895.1,32750.2,32605.78,32461.84,32318.36,32175.37,32032.85,31890.8,31749.22,31608.13,31467.5,31327.35,31187.68,31048.48,30909.75,30771.5,30633.73,30496.42,30359.59,30223.24,30087.36,29951.95,29817.01,29682.55,29548.56,29415.04,29281.99,29149.41,29017.31,28885.67,28754.51,28623.82,28493.59,28363.96,28234.92,28106.47,27978.59,27851.31,27724.6,27598.46,27472.9,27347.92,27223.5,27099.64,26976.35,26853.62,26731.45,26609.84,26488.78,26368.27,26248.3,26128.89,26010.01,25891.68,25773.89,25656.63,25539.9,25423.71,25308.05,25192.91,25078.29,24964.2,24850.62,24737.56,24625.02,24512.99,24401.47,24290.45,24179.94,24069.94,23960.43,23851.42,23742.91,23634.89,23527.37,23420.33,23313.78,23207.71,23102.13,22997.02,22892.4,22788.25,22684.57,22581.37,22478.64
102,36465.04,36326.56,36188.45,36050.7,35913.32,35776.3,35639.66,35503.38,35367.46,35231.92,35096.74,34961.93,34827.49,34693.43,34559.73,34426.4,34293.44,34160.85,34028.63,33896.78,33765.31,33634.2,33503.47,33373.11,33243.12,33113.51,32984.26,32855.39,32726.89,32598.76,32471.01,32343.63,32216.62,32089.99,31963.72,31837.96,31712.69,31587.91,31463.62,31339.83,31216.51,31093.69,30971.35,30849.49,30728.11,30607.2,30486.77,30366.82,30247.34,30128.32,30009.78,29891.7,29774.09,29656.94,29540.25,29424.02,29308.25,29192.93,29078.07,28963.66,28849.7,28736.18,28623.12,28510.49,28398.32,28286.58,28175.28,28064.42,27954.0,27844.01,27734.46,27625.33,27516.64,27408.37,27300.53,27193.11,27086.11,26979.54,26873.38,26767.65,26662.33,26557.42,26452.93,26348.84,26245.17,26141.91,26039.05,25936.59
103,39927.98,39799.27,39670.81,39542.63,39414.71,39287.07,39159.69,39032.58,38905.74,38779.17,38652.87,38526.85,38401.09,38275.61,38150.4,38025.47,37900.81,37776.42,37652.31,37528.47,37404.91,37281.62,37158.62,37035.88,36913.43,36791.25,36669.35,36547.73,36426.39,36305.33,36184.55,36064.04,35943.82,35823.88,35704.33,35585.19,35466.44,35348.09,35230.14,35112.58,34995.41,34878.63,34762.24,34646.24,34530.63,34415.4,34300.56,34186.1,34072.02,33958.32,33845.0,33732.07,33619.5,33507.32,33395.5,33284.06,33173.0,33062.3,32951.97,32842.01,32732.42,32623.19,32514.33,32405.83,32297.69,32189.92,32082.5,31975.44,31868.74,31762.4,31656.41,31550.77,31445.49,31340.56,31235.97,31131.74,31027.85,30924.32,30821.12,30718.27,30615.77,30513.6,30411.78,30310.3,30209.15,30108.35,30007.88,29907.74
104,43533.96,43417.67,43301.55,43185.61,43069.85,42954.28,42838.89,42723.68,42608.66,42493.82,42379.16,42264.69,42150.41,42036.31,41922.4,41808.68,41695.15,41581.8,41468.64,41355.67,41242.9,41130.31,41017.91,40905.7,40793.69,40681.87,40570.24,40458.8,40347.56,40236.51,40125.65,40014.99,39904.52,39794.36,39684.51,39574.95,39465.7,39356.75,39248.1,39139.75,39031.7,38923.95,38816.5,38709.34,38602.48,38495.91,38389.64,38283.66,38177.97,38072.58,37967.47,37862.66,37758.14,37653.9,37549.95,37446.29,37342.92,37239.83,37137.02,37034.5,36932.26,36830.31,36728.63,36627.24,36526.12,36425.29,36324.73,36224.46,36124.45,36024.73,35925.28,35826.1,35727.2,35628.57,35530.21,35432.13,35334.31,35236.77,35139.49,35042.49,34945.75,34849.28,34753.07,34657.13,34561.45,34466.04,34370.9,34276.01
105,47255.96,47154.64,47053.43,46952.33,46851.34,46750.46,46649.69,46549.04,46448.5,46348.07,46247.76,46147.56,46047.48,45947.51,45847.66,45747.92,45648.3,45548.79,45449.4,45350.13,45250.98,45151.95,45053.03,44954.24,44855.56,44757.01,44658.57,44560.26,44462.06,44363.99,44266.04,44168.21,44070.6,43973.2,43876.02,43779.05,43682.3,43585.76,43489.44,43393.32,43297.42,43201.74,43106.26,43010.99,42915.94,42821.09,42726.46,42632.03,42537.82,42443.81,42350.01,42256.41,42163.02,42069.84,41976.87,41884.1,41791.53,41699.17,41607.02,41515.07,41423.32,41331.77,41240.43,41149.29,41058.34,40967.61,40877.07,40786.73,40696.59,40606.65,40516.91,40427.36,40338.02,40248.87,40159.92,40071.17,39982.61,39894.25,39806.08,39718.11,39630.33,39542.75,39455.36,39368.16,39281.16,39194.34,39107.72,39021.29
106,51062.07,50978.07,50894.12,50810.23,50726.4,50642.63,50558.92,50475.27,50391.67,50308.14,50224.67,50141.26,50057.91,49974.62,49891.39,49808.22,49725.12,49642.08,49559.1,49476.18,49393.33,49310.54,49227.81,49145.15,49062.55,48980.02,48897.55,48815.15,48732.81,48650.54,48568.33,48486.27,48404.34,48322.55,48240.89,48159.38,48078.0,47996.77,47915.66,47834.7,47753.87,47673.18,47592.63,47512.21,47431.92,47351.78,47271.77,47191.89,47112.15,47032.54,46953.07,46873.73,46794.53,46715.46,46636.52,46557.72,46479.05,46400.51,46322.11,46243.83,46165.7,46087.69,46009.81,45932.07,45854.46,45776.97,45699.62,45622.4,45545.31,45468.35,45391.53,45314.83,45238.26,45161.82,45085.5,45009.32,44933.27,44857.34,44781.55,44705.88,44630.34,44554.92,44479.64,44404.48,44329.45,44254.54,44179.77,44105.11
107,54916.32,54851.62,54786.95,54722.3,54657.68,54593.08,54528.51,54463.96,54399.43,54334.93,54270.46,54206.01,54141.59,54077.19,54012.81,53948.47,53884.15,53819.85,53755.58,53691.34,53627.13,53562.94,53498.78,53434.64,53370.54,53306.46,53242.41,53178.38,53114.38,53050.42,52986.52,52922.71,52858.97,52795.31,52731.73,52668.22,52604.79,52541.43,52478.15,52414.95,52351.83,52288.77,52225.8,52162.9,52100.08,52037.33,51974.66,51912.06,51849.54,51787.1,51724.73,51662.43,51600.21,51538.07,51476.0,51414.0,51352.08,51290.24,51228.46,51166.77,51105.14,51043.59,50982.12,50920.72,50859.39,50798.14,50736.96,50675.86,50614.82,50553.87,50492.98,50432.17,50371.43,50310.77,50250.17,50189.65,50129.21,50068.83,50008.53,49948.31,49888.15,49828.07,49768.06,49708.12,49648.25,49588.46,49528.74,49469.08
108,58779.84,58735.98,58692.12,58648.27,58604.43,58560.6,58516.77,58472.94,58429.13,58385.32,58341.51,58297.71,58253.92,58210.14,58166.36,58122.59,58078.83,58035.07,57991.32,57947.57,57903.84,57860.11,57816.39,57772.67,57728.96,57685.26,57641.57,57597.88,57554.21,57510.56,57466.95,57423.37,57379.82,57336.31,57292.83,57249.38,57205.97,57162.59,57119.24,57075.93,57032.64,56989.39,56946.18,56902.99,56859.84,56816.72,56773.64,56730.58,56687.56,56644.58,56601.62,56558.7,56515.81,56472.95,56430.12,56387.33,56344.57,56301.84,56259.15,56216.49,56173.85,56131.26,56088.69,56046.16,56003.65,55961.19,55918.75,55876.34,55833.97,55791.63,55749.32,55707.05,55664.8,55622.59,55580.41,55538.26,55496.14,55454.06,55412.01,55369.99,55328.0,55286.04,55244.11,55202.22,55160.36,55118.53,55076.73,55034.97
109,62612.4,62590.33,62568.25,62546.17,62524.1,62502.02,62479.95,62457.87,62435.8,62413.72,62391.65,62369.58,62347.5,62325.43,62303.36,62281.28,62259.21,62237.14,62215.07,62193.0,62170.93,62148.86,62126.79,62104.72,62082.65,62060.58,62038.51,62016.44,61994.38,61972.33,61950.28,61928.25,61906.22,61884.2,61862.18,61840.18,61818.18,61796.19,61774.21,61752.24,61730.27,61708.31,61686.36,61664.42,61642.48,61620.56,61598.64,61576.72,61554.82,61532.93,61511.04,61489.16,61467.28,61445.42,61423.56,61401.71,61379.87,61358.04,61336.21,61314.39,61292.58,61270.78,61248.98,61227.2,61205.42,61183.65,61161.88,61140.13,61118.38,61096.64,61074.9,61053.18,61031.46,61009.75,60988.05,60966.35,60944.67,60922.99,60901.32,60879.65,60858.0,60836.35,60814.71,60793.08,60771.45,60749.83,60728.23,60706.62
110,66373.89,66373.89,66373.89,66373.89,66373.89,66373.89,66373.89,66373.89,66373.89,66373.89,66373.89,66373.89,66373.89,66373.89,66373.89,66373.89,66373.89,66373.89,66373.89,66373.89,66373.89,66373.89,66373.89,66373.89,66373.89,66373.89,66373.89,66373.89,66373.89,66373.89,66373.89,66373.89,66373.89,66373.89,66373.89,66373.89,66373.89,66373.89,66373.89,66373.89,66373.89,66373.89,66373.89,66373.89,66373.89,66373.89,66373.89,66373.89,66373.89,66373.89,66373.89,66373.89,66373.89,66373.89,66373.89,66373.89,66373.89,66373.89,66373.89,66373.89,66373.89,66373.89,66373.89,66373.89,66373.89,66373.89,66373.89,66373.89,66373.89,66373.89,66373.89,66373.89,66373.89,66373.89,66373.89,66373.89,66373.89,66373.89,66373.89,66373.89,66373.89,66373.89,66373.89,66373.89,66373.89,66373.89,66373.89,66373.89
111,68961.27,68961.27,68961.27,68961.27,68961.27,68961.27,68961.27,68961.27,68961.27,68961.27,68961.27,68961.27,68961.27,68961.27,68961.27,68961.27,68961.27,68961.27,68961.27,68961.27,68961.27,68961.27,68961.27,68961.27,68961.27,68961.27,68961.27,68961.27,68961.27,68961.27,68961.27,68961.27,68961.27,68961.27,68961.27,68961.27,68961.27,68961.27,68961.27,68961.27,68961.27,68961.27,68961.27,68961.27,68961.27,68961.27,68961.27,68961.27,68961.27,68961.27,68961.27,68961.27,68961.27,68961.27,68961.27,68961.27,68961.27,68961.27,68961.27,68961.27,68961.27,68961.27,68961.27,68961.27,68961.27,68961.27,68961.27,68961.27,68961.27,68961.27,68961.27,68961.27,68961.27,68961.27,68961.27,68961.27,68961.27,68961.27,68961.27,68961.27,68961.27,68961.27,68961.27,68961.27,68961.27,68961.27,68961.27,68961.27
112,71449.17,71449.17,71449.17,71449.17,71449.17,71449.17,71449.17,71449.17,71449.17,71449.17,71449.17,71449.17,71449.17,71449.17,71449.17,71449.17,71449.17,71449.17,71449.17,71449.17,71449.17,71449.17,71449.17,71449.17,71449.17,71449.17,71449.17,71449.17,71449.17,71449.17,71449.17,71449.17,71449.17,71449.17,71449.17,71449.17,71449.17,71449.17,71449.17,71449.17,71449.17,71449.17,71449.17,71449.17,71449.17,71449.17,71449.17,71449.17,71449.17,71449.17,71449.17,71449.17,71449.17,71449.17,71449.17,71449.17,71449.17,71449.17,71449.17,71449.17,71449.17,71449.17,71449.17,71449.17,71449.17,71449.17,71449.17,71449.17,71449.17,71449.17,71449.17,71449.17,71449.17,71449.17,71449.17,71449.17,71449.17,71449.17,71449.17,71449.17,71449.17,71449.17,71449.17,71449.17,71449.17,71449.17,71449.17,71449.17
113,73850.77,73850.77,73850.77,73850.77,73850.77,73850.77,73850.77,73850.77,73850.77,73850.77,73850.77,73850.77,73850.77,73850.77,73850.77,73850.77,73850.77,73850.77,73850.77,73850.77,73850.77,73850.77,73850.77,73850.77,73850.77,73850.77,73850.77,73850.77,73850.77,73850.77,73850.77,73850.77,73850.77,73850.77,73850.77,73850.77,73850.77,73850.77,73850.77,73850.77,73850.77,73850.77,73850.77,73850.77,73850.77,73850.77,73850.77,73850.77,73850.77,73850.77,73850.77,73850.77,73850.77,73850.77,73850.77,73850.77,73850.77,73850.77,73850.77,73850.77,73850.77,73850.77,73850.77,73850.77,73850.77,73850.77,73850.77,73850.77,73850.77,73850.77,73850.77,73850.77,73850.77,73850.77,73850.77,73850.77,73850.77,73850.77,73850.77,73850.77,73850.77,73850.77,73850.77,73850.77,73850.77,73850.77,73850.77,73850.77
114,76169.13,76169.13,76169.13,76169.13,76169.13,76169.13,76169.13,76169.13,76169.13,76169.13,76169.13,76169.13,76169.13,76169.13,76169.13,76169.13,76169.13,76169.13,76169.13,76169.13,76169.13,76169.13,76169.13,76169.13,76169.13,76169.13,76169.13,76169.13,76169.13,76169.13,76169.13,76169.13,76169.13,76169.13,76169.13,76169.13,76169.13,76169.13,76169.13,76169.13,76169.13,76169.13,76169.13,76169.13,76169.13,76169.13,76169.13,76169.13,76169.13,76169.13,76169.13,76169.13,76169.13,76169.13,76169.13,76169.13,76169.13,76169.13,76169.13,76169.13,76169.13,76169.13,76169.13,76169.13,76169.13,76169.13,76169.13,76169.13,76169.13,76169.13,76169.13,76169.13,76169.13,76169.13,76169.13,76169.13,76169.13,76169.13,76169.13,76169.13,76169.13,76169.13,76169.13,76169.13,76169.13,76169.13,76169.13,76169.13
115,78348.38,78348.38,78348.38,78348.38,78348.38,78348.38,78348.38,78348.38,78348.38,78348.38,78348.38,78348.38,78348.38,78348.38,78348.38,78348.38,78348.38,78348.38,78348.38,78348.38,78348.38,78348.38,78348.38,78348.38,78348.38,78348.38,78348.38,78348.38,78348.38,78348.38,78348.38,78348.38,78348.38,78348.38,78348.38,78348.38,78348.38,78348.38,78348.38,78348.38,78348.38,78348.38,78348.38,78348.38,78348.38,78348.38,78348.38,78348.38,78348.38,78348.38,78348.38,78348.38,78348.38,78348.38,78348.38,78348.38,78348.38,78348.38,78348.38,78348.38,78348.38,78348.38,78348.38,78348.38,78348.38,78348.38,78348.38,78348.38,78348.38,78348.38,78348.38,78348.38,78348.38,78348.38,78348.38,78348.38,78348.38,78348.38,78348.38,78348.38,78348.38,78348.38,78348.38,78348.38,78348.38,78348.38,78348.38,78348.38
116,80371.97,80371.97,80371.97,80371.97,80371.97,80371.97,80371.97,80371.97,80371.97,80371.97,80371.97,80371.97,80371.97,80371.97,80371.97,80371.97,80371.97,80371.97,80371.97,80371.97,80371.97,80371.97,80371.97,80371.97,80371.97,80371.97,80371.97,80371.97,80371.97,80371.97,80371.97,80371.97,80371.97,80371.97,80371.97,80371.97,80371.97,80371.97,80371.97,80371.97,80371.97,80371.97,80371.97,80371.97,80371.97,80371.97,80371.97,80371.97,80371.97,80371.97,80371.97,80371.97,80371.97,80371.97,80371.97,80371.97,80371.97,80371.97,80371.97,80371.97,80371.97,80371.97,80371.97,80371.97,80371.97,80371.97,80371.97,80371.97,80371.97,80371.97,80371.97,80371.97,80371.97,80371.97,80371.97,80371.97,80371.97,80371.97,80371.97,80371.97,80371.97,80371.97,80371.97,80371.97,80371.97,80371.97,80371.97,80371.97
117,82264.28,82264.28,82264.28,82264.28,82264.28,82264.28,82264.28,82264.28,82264.28,82264.28,82264.28,82264.28,82264.28,82264.28,82264.28,82264.28,82264.28,82264.28,82264.28,82264.28,82264.28,82264.28,82264.28,82264.28,82264.28,82264.28,82264.28,82264.28,82264.28,82264.28,82264.28,82264.28,82264.28,82264.28,82264.28,82264.28,82264.28,82264.28,82264.28,82264.28,82264.28,82264.28,82264.28,82264.28,82264.28,82264.28,82264.28,82264.28,82264.28,82264.28,82264.28,82264.28,82264.28,82264.28,82264.28,82264.28,82264.28,82264.28,82264.28,82264.28,82264.28,82264.28,82264.28,82264.28,82264.28,82264.28,82264.28,82264.28,82264.28,82264.28,82264.28,82264.28,82264.28,82264.28,82264.28,82264.28,82264.28,82264.28,82264.28,82264.28,82264.28,82264.28,82264.28,82264.28,82264.28,82264.28,82264.28,82264.28
118,84009.63,84009.63,84009.63,84009.63,84009.63,84009.63,84009.63,84009.63,84009.63,84009.63,84009.63,84009.63,84009.63,84009.63,84009.63,84009.63,84009.63,84009.63,84009.63,84009.63,84009.63,84009.63,84009.63,84009.63,84009.63,84009.63,84009.63,84009.63,84009.63,84009.63,84009.63,84009.63,84009.63,84009.63,84009.63,84009.63,84009.63,84009.63,84009.63,84009.63,84009.63,84009.63,84009.63,84009.63,84009.63,84009.63,84009.63,84009.63,84009.63,84009.63,84009.63,84009.63,84009.63,84009.63,84009.63,84009.63,84009.63,84009.63,84009.63,84009.63,84009.63,84009.63,84009.63,84009.63,84009.63,84009.63,84009.63,84009.63,84009.63,84009.63,84009.63,84009.63,84009.63,84009.63,84009.63,84009.63,84009.63,84009.63,84009.63,84009.63,84009.63,84009.63,84009.63,84009.63,84009.63,84009.63,84009.63,84009.63
119,85616.16,85616.16,85616.16,85616.16,85616.16,85616.16,85616.16,85616.16,85616.16,85616.16,85616.16,85616.16,85616.16,85616.16,85616.16,85616.16,85616.16,85616.16,85616.16,85616.16,85616.16,85616.16,85616.16,85616.16,85616.16,85616.16,85616.16,85616.16,85616.16,85616.16,85616.16,85616.16,85616.16,85616.16,85616.16,85616.16,85616.16,85616.16,85616.16,85616.16,85616.16,85616.16,85616.16,85616.16,85616.16,85616.16,85616.16,85616.16,85616.16,85616.16,85616.16,85616.16,85616.16,85616.16,85616.16,85616.16,85616.16,85616.16,85616.16,85616.16,85616.16,85616.16,85616.16,85616.16,85616.16,85616.16,85616.16,85616.16,85616.16,85616.16,85616.16,85616.16,85616.16,85616.16,85616.16,85616.16,85616.16,85616.16,85616.16,85616.16,85616.16,85616.16,85616.16,85616.16,85616.16,85616.16,85616.16,85616.16
120,87084.44,87084.44,87084.44,87084.44,87084.44,87084.44,87084.44,87084.44,87084.44,87084.44,87084.44,87084.44,87084.44,87084.44,87084.44,87084.44,87084.44,87084.44,87084.44,87084.44,87084.44,87084.44,87084.44,87084.44,87084.44,87084.44,87084.44,87084.44,87084.44,87084.44,87084.44,87084.44,87084.44,87084.44,87084.44,87084.44,87084.44,87084.44,87084.44,87084.44,87084.44,87084.44,87084.44,87084.44,87084.44,87084.44,87084.44,87084.44,87084.44,87084.44,87084.44,87084.44,87084.44,87084.44,87084.44,87084.44,87084.44,87084.44,87084.44,87084.44,87084.44,87084.44,87084.44,87084.44,87084.44,87084.44,87084.44,87084.44,87084.44,87084.44,87084.44,87084.44,87084.44,87084.44,87084.44,87084.44,87084.44,87084.44,87084.44,87084.44,87084.44,87084.44,87084.44,87084.44,87084.44,87084.44,87084.44,87084.44
121,88421.88,88421.88,88421.88,88421.88,88421.88,88421.88,88421.88,88421.88,88421.88,88421.88,88421.88,88421.88,88421.88,88421.88,88421.88,88421.88,88421.88,88421.88,88421.88,88421.88,88421.88,88421.88,88421.88,88421.88,88421.88,88421.88,88421.88,88421.88,88421.88,88421.88,88421.88,88421.88,88421.88,88421.88,88421.88,88421.88,88421.88,88421.88,88421.88,88421.88,88421.88,88421.88,88421.88,88421.88,88421.88,88421.88,88421.88,88421.88,88421.88,88421.88,88421.88,88421.88,88421.88,88421.88,88421.88,88421.88,88421.88,88421.88,88421.88,88421.88,88421.88,88421.88,88421.88,88421.88,88421.88,88421.88,88421.88,88421.88,88421.88,88421.88,88421.88,88421.88,88421.88,88421.88,88421.88,88421.88,88421.88,88421.88,88421.88,88421.88,88421.88,88421.88,88421.88,88421.88,88421.88,88421.88,88421.88,88421.88
122,89642.13,89642.13,89642.13,89642.13,89642.13,89642.13,89642.13,89642.13,89642.13,89642.13,89642.13,89642.13,89642.13,89642.13,89642.13,89642.13,89642.13,89642.13,89642.13,89642.13,89642.13,89642.13,89642.13,89642.13,89642.13,89642.13,89642.13,89642.13,89642.13,89642.13,89642.13,89642.13,89642.13,89642.13,89642.13,89642.13,89642.13,89642.13,89642.13,89642.13,89642.13,89642.13,89642.13,89642.13,89642.13,89642.13,89642.13,89642.13,89642.13,89642.13,89642.13,89642.13,89642.13,89642.13,89642.13,89642.13,89642.13,89642.13,89642.13,89642.13,89642.13,89642.13,89642.13,89642.13,89642.13,89642.13,89642.13,89642.13,89642.13,89642.13,89642.13,89642.13,89642.13,89642.13,89642.13,89642.13,89642.13,89642.13,89642.13,89642.13,89642.13,89642.13,89642.13,89642.13,89642.13,89642.13,89642.13,89642.13
123,90746.71,90746.71,90746.71,90746.71,90746.71,90746.71,90746.71,90746.71,90746.71,90746.71,90746.71,90746.71,90746.71,90746.71,90746.71,90746.71,90746.71,90746.71,90746.71,90746.71,90746.71,90746.71,90746.71,90746.71,90746.71,90746.71,90746.71,90746.71,90746.71,90746.71,90746.71,90746.71,90746.71,90746.71,90746.71,90746.71,90746.71,90746.71,90746.71,90746.71,90746.71,90746.71,90746.71,90746.71,90746.71,90746.71,90746.71,90746.71,90746.71,90746.71,90746.71,90746.71,90746.71,90746.71,90746.71,90746.71,90746.71,90746.71,90746.71,90746.71,90746.71,90746.71,90746.71,90746.71,90746.71,90746.71,90746.71,90746.71,90746.71,90746.71,90746.71,90746.71,90746.71,90746.71,90746.71,90746.71,90746.71,90746.71,90746.71,90746.71,90746.71,90746.71,90746.71,90746.71,90746.71,90746.71,90746.71,90746.71
124,91743.91,91743.91,91743.91,91743.91,91743.91,91743.91,91743.91,91743.91,91743.91,91743.91,91743.91,91743.91,91743.91,91743.91,91743.91,91743.91,91743.91,91743.91,91743.91,91743.91,91743.91,91743.91,91743.91,91743.91,91743.91,91743.91,91743.91,91743.91,91743.91,91743.91,91743.91,91743.91,91743.91,91743.91,91743.91,91743.91,91743.91,91743.91,91743.91,91743.91,91743.91,91743.91,91743.91,91743.91,91743.91,91743.91,91743.91,91743.91,91743.91,91743.91,91743.91,91743.91,91743.91,91743.91,91743.91,91743.91,91743.91,91743.91,91743.91,91743.91,91743.91,91743.91,91743.91,91743.91,91743.91,91743.91,91743.91,91743.91,91743.91,91743.91,91743.91,91743.91,91743.91,91743.91,91743.91,91743.91,91743.91,91743.91,91743.91,91743.91,91743.91,91743.91,91743.91,91743.91,91743.91,91743.91,91743.91,91743.91
125,100000.0,100000.0,100000.0,100000.0,100000.0,100000.0,100000.0,100000.0,100000.0,100000.0,100000.0,100000.0,100000.0,100000.0,100000.0,100000.0,100000.0,100000.0,100000.0,100000.0,100000.0,100000.0,100000.0,100000.0,100000.0,100000.0,100000.0,100000.0,100000.0,100000.0,100000.0,100000.0,100000.0,100000.0,100000.0,100000.0,100000.0,100000.0,100000.0,100000.0,100000.0,100000.0,100000.0,100000.0,100000.0,100000.0,100000.0,100000.0,100000.0,100000.0,100000.0,100000.0,100000.0,100000.0,100000.0,100000.0,100000.0,100000.0,100000.0,100000.0,100000.0,100000.0,100000.0,100000.0,100000.0,100000.0,100000.0,100000.0,100000.0,100000.0,100000.0,100000.0,100000.0,100000.0,100000.0,100000.0,100000.0,100000.0,100000.0,100000.0,100000.0,100000.0,100000.0,100000.0,100000.0,100000.0,100000.0,100000.0
