age,1981,1982,1983,1984,1985,1986,1987,1988,1989,1990,1991,1992,1993,1994,1995,1996,1997,1998,1999,2000,2001,2002,2003,2004,2005,2006,2007,2008,2009,2010,2011,2012,2013,2014,2015,2016,2017,2018,2019,2020,2021,2022,2023,2024,2025,2026,2027,2028,2029,2030,2031,2032,2033,2034,2035,2036,2037,2038,2039,2040,2041,2042,2043,2044,2045,2046,2047,2048,2049,2050,2051,2052,2053,2054,2055,2056,2057,2058,2059,2060,2061,2062,2063,2064,2065,2066,2067,2068,2069,2070,2071,2072,2073,2074
0,924.8,935.62,881.95,841.87,828.19,809.25,798.63,784.16,728.28,695.61,646.61,572.79,567.13,540.15,530.87,542.93,529.88,497.19,510.02,509.05,498.86,463.85,498.44,470.73,440.31,467.54,437.47,423.69,423.39,406.41,373.75,369.68,345.83,367.13,338.58,359.67,362.5,355.17,354.85,346.83,360.38,348.06,366.03,389.52,296.73,269.8,262.94,256.49,250.44,244.76,239.44,234.47,229.82,225.46,221.39,217.57,214.0,210.64,207.49,204.52,201.72,199.07,196.56,194.16,191.86,189.66,187.52,185.44,183.4,181.4,179.41,177.45,175.51,173.59,171.7,169.82,167.96,166.13,164.31,162.52,160.74,158.98,157.24,155.53,153.83,152.14,150.48,148.84,147.21,145.6,144.01,142.43,140.88,139.34
1,67.72,63.83,64.6,76.97,65.73,66.39,61.71,54.43,61.22,56.22,47.59,45.42,48.67,47.72,43.62,38.35,43.74,38.67,32.41,35.15,36.06,39.72,36.37,38.17,39.41,31.05,33.03,24.96,31.47,30.53,26.4,30.32,22.79,27.53,28.59,17.7,23.53,24.16,16.72,20.14,25.45,21.56,15.88,17.7,18.31,17.78,17.29,16.84,16.41,16.01,15.64,15.3,14.99,14.69,14.42,14.16,13.92,13.7,13.5,13.3,13.12,12.95,12.79,12.63,12.49,12.35,12.21,12.07,11.94,11.81,11.68,11.55,11.43,11.3,11.18,11.06,10.94,10.82,10.7,10.58,10.47,10.35,10.24,10.13,10.01,9.91,9.8,9.69,9.58,9.48,9.37,9.27,9.17,9.07
2,42.9,33.98,36.66,36.72,37.88,40.17,35.58,26.44,35.03,28.13,26.48,29.67,23.36,28.49,24.86,26.12,31.57,16.43,21.36,17.47,24.68,20.43,17.44,21.68,17.84,21.18,19.03,13.26,16.34,11.24,13.15,14.52,12.13,16.37,14.31,8.71,15.61,10.81,14.03,13.35,15.35,13.11,11.56,11.13,10.81,10.51,10.24,9.98,9.74,9.52,9.31,9.12,8.94,8.78,8.62,8.48,8.35,8.22,8.1,7.99,7.89,7.79,7.7,7.61,7.52,7.44,7.36,7.28,7.2,7.12,7.04,6.96,6.89,6.81,6.74,6.66,6.59,6.52,6.45,6.38,6.31,6.24,6.17,6.1,6.04,5.97,5.9,5.84,5.78,5.71,5.65,5.59,5.53,5.47
3,25.56,27.59,25.37,29.0,32.42,27.13,26.04,19.36,22.6,22.76,18.07,17.99,15.9,17.38,16.46,17.92,21.82,19.91,12.18,17.75,15.21,13.09,15.29,16.51,16.82,15.58,13.3,10.77,11.97,12.71,12.51,11.83,9.69,9.59,10.29,10.6,8.0,8.86,9.48,11.02,9.43,8.47,8.16,7.92,7.71,7.51,7.32,7.15,6.99,6.84,6.7,6.57,6.45,6.34,6.23,6.13,6.04,5.96,5.88,5.8,5.73,5.66,5.59,5.53,5.47,5.41,5.35,5.29,5.23,5.18,5.12,5.06,5.01,4.95,4.9,4.85,4.79,4.74,4.69,4.64,4.59,4.54,4.49,4.44,4.39,4.34,4.29,4.25,4.2,4.15,4.11,4.06,4.02,3.97
4,20.64,27.76,22.54,23.1,25.04,18.49,20.46,14.29,15.61,13.59,14.33,12.62,12.0,10.83,10.4,13.85,14.47,15.69,13.49,13.08,7.2,12.34,9.24,12.73,14.12,10.04,10.41,9.2,9.17,8.15,7.73,9.16,8.48,4.34,7.18,7.5,4.16,7.72,8.58,7.9,6.92,6.63,6.43,6.26,6.1,5.95,5.81,5.68,5.56,5.45,5.34,5.25,5.16,5.07,4.99,4.92,4.85,4.78,4.72,4.66,4.61,4.55,4.5,4.45,4.4,4.36,4.31,4.26,4.21,4.17,4.12,4.08,4.03,3.99,3.94,3.9,3.86,3.82,3.78,3.73,3.69,3.65,3.61,3.57,3.53,3.5,3.46,3.42,3.38,3.34,3.31,3.27,3.24,3.2
5,17.11,19.05,15.94,21.01,14.0,18.13,12.02,13.35,14.66,16.12,11.21,10.74,12.66,10.84,12.11,12.48,12.39,12.88,9.28,8.11,10.78,9.05,9.58,11.34,7.71,7.75,10.07,9.16,6.7,6.92,5.04,6.5,10.92,9.3,4.38,5.32,10.99,5.01,5.28,5.75,5.91,5.74,5.58,5.44,5.31,5.18,5.07,4.96,4.86,4.77,4.69,4.61,4.53,4.46,4.4,4.33,4.28,4.22,4.17,4.12,4.07,4.02,3.98,3.94,3.89,3.85,3.81,3.77,3.73,3.68,3.64,3.6,3.57,3.53,3.49,3.45,3.41,3.37,3.34,3.3,3.26,3.23,3.19,3.16,3.12,3.09,3.06,3.02,2.99,2.96,2.92,2.89,2.86,2.83
6,17.08,15.91,16.94,14.78,14.64,14.83,13.32,13.34,13.05,14.2,10.59,12.94,11.01,8.89,14.13,10.08,10.65,11.8,10.63,10.19,8.93,8.67,8.15,9.25,8.05,9.34,7.85,8.53,7.29,6.9,7.41,7.4,9.71,4.66,6.26,7.06,7.35,8.28,6.23,5.58,5.42,5.27,5.13,5.01,4.89,4.79,4.69,4.6,4.51,4.43,4.36,4.29,4.22,4.16,4.1,4.05,3.99,3.95,3.9,3.85,3.81,3.77,3.73,3.69,3.65,3.61,3.57,3.53,3.49,3.45,3.41,3.37,3.34,3.3,3.27,3.23,3.19,3.16,3.12,3.09,3.06,3.02,2.99,2.96,2.93,2.89,2.86,2.83,2.8,2.77,2.74,2.71,2.68,2.65
7,17.75,14.86,13.47,16.81,12.98,12.2,9.74,11.75,8.91,11.68,11.84,8.83,8.11,10.87,9.71,8.35,8.6,10.42,6.49,8.38,7.83,6.84,8.83,4.8,8.01,6.43,10.03,8.5,6.05,7.49,5.63,5.62,4.55,6.21,5.84,5.7,8.1,6.0,5.34,5.19,5.05,4.92,4.8,4.69,4.59,4.5,4.41,4.33,4.26,4.19,4.12,4.06,4.0,3.94,3.89,3.84,3.79,3.75,3.71,3.66,3.62,3.58,3.54,3.5,3.47,3.43,3.39,3.35,3.32,3.28,3.25,3.21,3.17,3.14,3.11,3.07,3.04,3.0,2.97,2.94,2.91,2.88,2.84,2.81,2.78,2.75,2.72,2.69,2.66,2.63,2.6,2.58,2.55,2.52
8,12.26,13.46,14.13,14.06,9.31,10.54,9.08,8.89,10.18,8.52,10.57,10.42,14.26,9.18,8.99,7.97,6.6,11.73,6.45,9.03,6.72,11.84,4.95,6.14,7.63,6.42,8.13,3.63,7.85,6.29,5.32,4.74,7.28,5.19,6.61,7.65,5.8,5.24,5.09,4.96,4.83,4.71,4.61,4.51,4.42,4.34,4.26,4.18,4.11,4.05,3.99,3.93,3.88,3.83,3.78,3.73,3.69,3.65,3.61,3.57,3.53,3.49,3.45,3.41,3.37,3.34,3.3,3.26,3.23,3.19,3.16,3.12,3.09,3.06,3.02,2.99,2.96,2.92,2.89,2.86,2.83,2.8,2.77,2.74,2.71,2.68,2.65,2.62,2.59,2.56,2.53,2.51,2.48,2.45
9,14.29,15.5,14.82,9.25,12.63,8.89,11.99,11.43,9.86,9.13,8.71,10.1,8.39,9.45,6.63,8.27,4.27,7.66,10.13,11.06,7.74,6.45,7.02,6.78,7.59,7.04,7.49,4.23,7.54,5.38,4.14,5.62,7.46,5.38,5.6,5.38,5.32,5.17,5.04,4.91,4.79,4.69,4.59,4.5,4.41,4.33,4.26,4.19,4.13,4.07,4.01,3.95,3.9,3.85,3.81,3.76,3.72,3.68,3.64,3.6,3.56,3.52,3.48,3.44,3.4,3.37,3.33,3.29,3.26,3.22,3.19,3.15,3.12,3.08,3.05,3.02,2.98,2.95,2.92,2.89,2.85,2.82,2.79,2.76,2.73,2.7,2.67,2.64,2.61,2.59,2.56,2.53,2.5,2.47
10,14.96,11.38,15.17,11.3,13.28,9.55,14.58,8.57,13.97,10.4,6.85,11.62,11.26,8.46,8.26,6.91,12.07,6.3,8.07,7.21,4.21,8.2,9.07,6.73,5.91,6.39,4.36,7.84,7.22,4.78,5.02,5.25,9.36,8.81,6.33,5.55,5.4,5.26,5.13,5.02,4.9,4.8,4.71,4.62,4.54,4.46,4.39,4.33,4.26,4.2,4.15,4.09,4.04,3.99,3.95,3.9,3.86,3.82,3.77,3.73,3.69,3.65,3.61,3.57,3.53,3.49,3.46,3.42,3.38,3.34,3.31,3.27,3.23,3.2,3.16,3.13,3.1,3.06,3.03,2.99,2.96,2.93,2.9,2.87,2.83,2.8,2.77,2.74,2.71,2.68,2.65,2.62,2.6,2.57
11,9.84,9.99,10.33,13.33,7.95,9.21,11.97,12.66,11.44,12.29,6.82,10.95,6.75,9.08,9.85,8.83,8.12,9.92,6.68,8.21,5.59,7.44,4.16,5.02,8.49,7.65,6.22,5.11,5.71,8.93,6.11,7.73,5.76,5.85,5.9,5.74,5.6,5.46,5.34,5.22,5.12,5.02,4.92,4.84,4.76,4.69,4.62,4.55,4.49,4.43,4.37,4.32,4.27,4.22,4.17,4.12,4.08,4.03,3.99,3.94,3.9,3.86,3.81,3.77,3.73,3.69,3.65,3.61,3.57,3.53,3.49,3.46,3.42,3.38,3.34,3.31,3.27,3.23,3.2,3.16,3.13,3.1,3.06,3.03,2.99,2.96,2.93,2.9,2.87,2.83,2.8,2.77,2.74,2.71
12,13.23,13.76,13.08,8.87,12.58,16.11,14.2,9.51,11.13,11.33,15.76,13.45,12.18,9.03,13.05,7.17,9.06,9.2,8.99,9.9,6.62,5.28,6.88,6.64,8.45,4.77,4.03,7.5,6.59,5.58,7.73,7.05,6.59,6.48,6.31,6.16,6.02,5.88,5.76,5.64,5.53,5.43,5.34,5.25,5.17,5.1,5.03,4.96,4.89,4.83,4.77,4.72,4.66,4.61,4.56,4.51,4.46,4.41,4.36,4.31,4.26,4.22,4.17,4.13,4.08,4.04,3.99,3.95,3.91,3.86,3.82,3.78,3.74,3.7,3.66,3.62,3.58,3.54,3.5,3.46,3.42,3.39,3.35,3.31,3.28,3.24,3.2,3.17,3.13,3.1,3.07,3.03,3.0,2.97
13,15.58,15.8,14.42,14.99,14.22,11.47,10.65,8.87,12.07,9.42,12.68,12.17,12.45,10.89,11.37,10.39,8.36,7.2,7.97,7.83,10.05,12.93,7.85,6.6,7.76,9.52,9.3,9.27,9.75,11.57,7.06,7.34,7.47,7.29,7.11,6.95,6.8,6.66,6.53,6.41,6.3,6.19,6.09,6.0,5.91,5.83,5.75,5.68,5.61,5.54,5.47,5.41,5.35,5.29,5.23,5.17,5.12,5.06,5.0,4.95,4.9,4.84,4.79,4.74,4.69,4.63,4.58,4.53,4.48,4.43,4.39,4.34,4.29,4.24,4.2,4.15,4.11,4.06,4.02,3.97,3.93,3.89,3.84,3.8,3.76,3.72,3.68,3.64,3.6,3.56,3.52,3.48,3.44,3.41
14,18.59,20.59,15.11,13.95,13.86,14.44,11.94,18.99,15.2,11.65,13.27,12.12,12.06,8.29,12.94,14.84,9.28,9.47,11.26,12.89,11.04,10.4,8.13,8.52,10.6,9.18,6.48,10.92,8.44,11.13,9.36,8.84,8.64,8.45,8.26,8.09,7.92,7.77,7.63,7.5,7.37,7.26,7.15,7.05,6.95,6.86,6.77,6.69,6.61,6.53,6.46,6.38,6.31,6.24,6.17,6.11,6.04,5.97,5.91,5.84,5.78,5.72,5.65,5.59,5.53,5.47,5.41,5.35,5.29,5.23,5.18,5.12,5.06,5.01,4.95,4.9,4.85,4.79,4.74,4.69,4.64,4.59,4.54,4.49,4.44,4.39,4.34,4.29,4.25,4.2,4.15,4.11,4.06,4.02
15,22.61,26.02,15.44,19.71,13.9,18.0,12.58,14.79,16.1,12.85,16.91,11.42,14.48,14.54,15.42,9.28,11.19,11.08,13.2,16.2,12.0,8.59,11.42,9.1,9.9,12.92,13.72,12.52,9.19,10.25,10.66,10.43,10.21,10.0,9.79,9.6,9.42,9.25,9.1,8.95,8.81,8.68,8.56,8.44,8.33,8.23,8.13,8.03,7.94,7.85,7.76,7.67,7.59,7.5,7.42,7.34,7.26,7.18,7.1,7.02,6.95,6.87,6.8,6.72,6.65,6.58,6.5,6.43,6.36,6.29,6.22,6.16,6.09,6.02,5.96,5.89,5.83,5.76,5.7,5.64,5.58,5.51,5.45,5.39,5.34,5.28,5.22,5.16,5.11,5.05,4.99,4.94,4.89,4.83
16,23.57,32.14,20.55,21.1,24.99,25.52,19.84,22.52,21.94,19.06,17.99,13.75,17.76,16.92,11.12,11.5,12.74,18.81,15.09,13.07,16.67,13.95,13.3,10.98,13.01,9.03,12.63,13.79,13.46,13.48,13.21,12.95,12.69,12.45,12.21,11.99,11.78,11.58,11.4,11.23,11.06,10.91,10.76,10.62,10.49,10.37,10.24,10.12,10.01,9.9,9.79,9.68,9.57,9.47,9.36,9.26,9.16,9.06,8.96,8.86,8.77,8.67,8.58,8.48,8.39,8.3,8.21,8.12,8.03,7.94,7.85,7.77,7.68,7.6,7.52,7.43,7.35,7.27,7.19,7.11,7.04,6.96,6.88,6.81,6.73,6.66,6.59,6.51,6.44,6.37,6.3,6.23,6.17,6.1
17,29.94,32.11,22.37,27.72,26.6,23.01,22.2,22.27,24.36,24.8,20.49,17.8,22.54,17.31,16.44,11.75,15.8,14.78,14.26,15.91,15.11,16.43,14.8,14.04,20.96,15.02,18.07,16.64,16.32,16.01,15.71,15.42,15.14,14.87,14.6,14.36,14.12,13.9,13.7,13.5,13.32,13.14,12.97,12.81,12.66,12.51,12.37,12.22,12.09,11.95,11.82,11.69,11.56,11.44,11.31,11.19,11.07,10.95,10.83,10.71,10.59,10.47,10.36,10.25,10.13,10.02,9.91,9.81,9.7,9.59,9.49,9.38,9.28,9.18,9.08,8.98,8.88,8.78,8.69,8.59,8.5,8.41,8.31,8.22,8.13,8.04,7.96,7.87,7.78,7.7,7.61,7.53,7.45,7.37
18,28.99,36.71,28.19,26.9,25.27,25.89,26.13,26.43,24.93,25.6,22.46,21.75,17.88,14.99,19.02,20.66,21.45,21.41,20.03,19.49,23.3,17.68,16.36,16.93,19.01,19.83,18.37,18.07,17.76,17.45,17.15,16.85,16.56,16.29,16.02,15.76,15.52,15.3,15.08,14.88,14.68,14.5,14.32,14.15,13.98,13.82,13.67,13.52,13.37,13.22,13.07,12.93,12.79,12.65,12.51,12.37,12.24,12.11,11.97,11.84,11.71,11.58,11.46,11.33,11.21,11.09,10.96,10.84,10.73,10.61,10.49,10.38,10.26,10.15,10.04,9.93,9.82,9.72,9.61,9.5,9.4,9.3,9.2,9.09,9.0,8.9,8.8,8.7,8.61,8.51,8.42,8.33,8.24,8.15
19,33.72,24.94,32.97,32.02,34.28,27.96,25.85,21.95,26.14,23.22,22.13,19.78,17.9,16.47,19.48,21.98,17.2,16.54,21.59,18.87,18.71,18.94,19.96,18.61,22.33,19.15,18.36,18.08,17.79,17.51,17.22,16.94,16.67,16.41,16.16,15.92,15.69,15.47,15.26,15.07,14.88,14.7,14.52,14.35,14.19,14.03,13.87,13.72,13.57,13.42,13.27,13.13,12.98,12.84,12.7,12.56,12.43,12.29,12.16,12.02,11.89,11.76,11.63,11.5,11.38,11.25,11.13,11.01,10.89,10.77,10.65,10.54,10.42,10.31,10.19,10.08,9.97,9.86,9.75,9.65,9.54,9.44,9.33,9.23,9.13,9.03,8.93,8.84,8.74,8.64,8.55,8.46,8.36,8.27
20,27.35,26.82,29.33,27.86,27.51,25.2,20.49,22.67,24.35,21.1,18.53,20.32,19.28,18.14,20.77,19.61,16.8,19.38,16.22,16.06,25.76,20.92,20.73,21.44,19.23,18.77,18.52,18.25,17.98,17.71,17.44,17.17,16.91,16.66,16.42,16.18,15.96,15.75,15.55,15.36,15.17,14.99,14.82,14.65,14.48,14.32,14.17,14.01,13.86,13.7,13.55,13.41,13.26,13.11,12.97,12.83,12.69,12.55,12.41,12.28,12.14,12.01,11.88,11.75,11.62,11.49,11.37,11.24,11.12,11.0,10.88,10.76,10.64,10.53,10.41,10.3,10.18,10.07,9.96,9.85,9.75,9.64,9.53,9.43,9.33,9.22,9.12,9.02,8.92,8.83,8.73,8.63,8.54,8.45
21,29.93,27.17,30.47,24.68,22.75,26.66,25.83,24.95,14.82,23.44,21.54,20.17,20.26,15.97,22.47,18.3,20.97,18.91,16.74,22.53,20.12,21.15,22.67,19.85,19.2,18.97,18.72,18.47,18.21,17.95,17.69,17.43,17.18,16.94,16.7,16.48,16.26,16.05,15.86,15.67,15.48,15.3,15.13,14.96,14.79,14.63,14.47,14.31,14.15,14.0,13.85,13.69,13.54,13.4,13.25,13.1,12.96,12.82,12.68,12.54,12.4,12.27,12.13,12.0,11.87,11.74,11.61,11.48,11.36,11.23,11.11,10.99,10.87,10.75,10.63,10.52,10.4,10.29,10.18,10.06,9.95,9.85,9.74,9.63,9.53,9.42,9.32,9.22,9.12,9.02,8.92,8.82,8.72,8.63
22,31.37,29.45,28.14,25.51,25.6,25.89,20.78,18.11,23.42,16.37,21.14,23.08,18.75,20.01,15.64,22.47,23.4,21.2,20.87,19.05,21.67,21.14,19.8,19.66,19.46,19.23,19.0,18.75,18.5,18.24,17.99,17.74,17.5,17.26,17.03,16.81,16.6,16.4,16.2,16.01,15.82,15.64,15.47,15.3,15.13,14.96,14.8,14.64,14.48,14.32,14.16,14.01,13.85,13.7,13.55,13.4,13.26,13.11,12.97,12.83,12.69,12.55,12.41,12.28,12.14,12.01,11.88,11.75,11.62,11.49,11.37,11.24,11.12,11.0,10.88,10.76,10.64,10.52,10.41,10.29,10.18,10.07,9.96,9.85,9.74,9.64,9.53,9.43,9.32,9.22,9.12,9.02,8.92,8.83
23,33.16,30.29,24.31,23.89,24.62,24.93,25.66,23.98,19.79,20.2,22.96,23.74,18.91,19.55,17.12,20.06,20.16,24.64,22.48,23.2,20.05,20.03,20.34,20.15,19.94,19.72,19.49,19.25,19.0,18.75,18.5,18.25,18.01,17.78,17.55,17.33,17.12,16.91,16.71,16.52,16.33,16.15,15.97,15.79,15.62,15.45,15.28,15.11,14.95,14.79,14.62,14.46,14.31,14.15,13.99,13.84,13.69,13.54,13.39,13.25,13.1,12.96,12.82,12.68,12.54,12.4,12.26,12.13,12.0,11.87,11.74,11.61,11.48,11.36,11.23,11.11,10.99,10.87,10.75,10.63,10.51,10.4,10.28,10.17,10.06,9.95,9.84,9.73,9.63,9.52,9.42,9.32,9.21,9.11
24,27.47,27.12,29.6,25.84,22.06,25.84,23.17,20.62,20.75,22.3,20.01,22.28,17.13,21.22,24.43,16.87,22.12,26.62,23.04,23.57,21.5,21.17,20.98,20.79,20.59,20.37,20.14,19.89,19.65,19.4,19.15,18.9,18.66,18.43,18.2,17.97,17.76,17.55,17.35,17.15,16.96,16.77,16.59,16.41,16.23,16.05,15.87,15.7,15.53,15.36,15.19,15.02,14.86,14.7,14.54,14.38,14.22,14.07,13.91,13.76,13.61,13.46,13.31,13.17,13.02,12.88,12.74,12.6,12.46,12.33,12.19,12.06,11.93,11.8,11.67,11.54,11.41,11.29,11.16,11.04,10.92,10.8,10.68,10.57,10.45,10.34,10.22,10.11,10.0,9.89,9.78,9.68,9.57,9.47
25,29.21,23.34,26.32,28.98,25.08,26.09,24.2,24.51,24.12,22.39,24.5,20.19,29.4,21.79,21.81,23.78,23.89,20.53,23.36,22.43,22.52,22.34,22.15,21.96,21.75,21.52,21.28,21.03,20.78,20.52,20.26,20.01,19.77,19.52,19.29,19.06,18.84,18.62,18.41,18.2,18.0,17.8,17.61,17.41,17.22,17.04,16.85,16.66,16.48,16.3,16.12,15.95,15.77,15.6,15.43,15.26,15.09,14.93,14.77,14.6,14.44,14.29,14.13,13.98,13.82,13.67,13.52,13.37,13.23,13.08,12.94,12.8,12.66,12.52,12.38,12.25,12.11,11.98,11.85,11.72,11.59,11.47,11.34,11.22,11.09,10.97,10.85,10.73,10.62,10.5,10.38,10.27,10.16,10.05
26,30.28,32.6,29.09,26.1,27.02,20.15,26.31,25.46,28.25,24.59,24.29,24.42,27.3,22.17,31.07,23.92,25.03,23.96,23.83,24.18,24.0,23.81,23.61,23.41,23.19,22.95,22.7,22.44,22.18,21.91,21.64,21.38,21.13,20.87,20.63,20.39,20.15,19.92,19.7,19.48,19.27,19.06,18.85,18.64,18.44,18.24,18.04,17.84,17.64,17.45,17.26,17.07,16.89,16.7,16.52,16.34,16.16,15.98,15.81,15.63,15.46,15.29,15.13,14.96,14.8,14.64,14.48,14.32,14.16,14.01,13.85,13.7,13.55,13.4,13.26,13.11,12.97,12.83,12.69,12.55,12.41,12.27,12.14,12.01,11.88,11.75,11.62,11.49,11.36,11.24,11.12,11.0,10.87,10.76
27,27.44,28.89,31.13,35.47,26.22,28.74,22.96,24.72,28.18,24.52,26.03,28.45,29.91,28.73,32.93,27.68,27.25,25.69,25.66,25.46,25.27,25.07,24.87,24.65,24.42,24.18,23.92,23.65,23.38,23.1,22.83,22.56,22.29,22.03,21.78,21.53,21.29,21.05,20.81,20.59,20.36,20.14,19.92,19.7,19.48,19.27,19.06,18.85,18.64,18.44,18.24,18.04,17.84,17.65,17.45,17.26,17.07,16.89,16.7,16.52,16.34,16.16,15.98,15.81,15.64,15.46,15.3,15.13,14.96,14.8,14.64,14.48,14.32,14.16,14.01,13.85,13.7,13.55,13.4,13.26,13.11,12.97,12.83,12.69,12.55,12.41,12.28,12.14,12.01,11.88,11.75,11.62,11.49,11.37
28,34.02,35.03,29.38,33.24,32.28,34.7,25.71,31.9,28.28,31.52,28.43,26.64,32.37,27.31,30.7,27.1,27.01,27.4,27.19,26.98,26.78,26.57,26.35,26.13,25.88,25.63,25.36,25.08,24.79,24.51,24.22,23.94,23.66,23.39,23.13,22.86,22.61,22.36,22.11,21.87,21.63,21.39,21.16,20.93,20.7,20.47,20.25,20.03,19.81,19.59,19.38,19.17,18.96,18.75,18.54,18.34,18.14,17.94,17.75,17.55,17.36,17.17,16.98,16.8,16.61,16.43,16.25,16.07,15.9,15.72,15.55,15.38,15.21,15.05,14.88,14.72,14.56,14.4,14.24,14.09,13.93,13.78,13.63,13.48,13.33,13.19,13.04,12.9,12.76,12.62,12.48,12.34,12.21,12.08
29,28.71,30.01,26.45,29.37,34.79,34.48,31.94,26.12,30.4,30.54,30.37,30.88,35.54,34.14,30.65,29.59,29.72,29.47,29.25,29.03,28.81,28.58,28.35,28.1,27.84,27.57,27.28,26.98,26.68,26.38,26.08,25.78,25.49,25.2,24.91,24.64,24.36,24.09,23.83,23.57,23.31,23.06,22.8,22.55,22.31,22.06,21.82,21.58,21.35,21.11,20.88,20.65,20.43,20.2,19.98,19.77,19.55,19.34,19.12,18.91,18.71,18.5,18.3,18.1,17.9,17.71,17.51,17.32,17.13,16.94,16.76,16.58,16.39,16.22,16.04,15.86,15.69,15.52,15.35,15.18,15.01,14.85,14.69,14.53,14.37,14.21,14.05,13.9,13.75,13.6,13.45,13.3,13.16,13.01
30,36.26,33.28,36.62,32.52,36.19,39.35,30.04,36.25,36.45,33.89,31.54,36.52,33.22,37.27,32.93,32.07,31.78,31.52,31.28,31.04,30.8,30.56,30.31,30.04,29.76,29.47,29.16,28.85,28.53,28.21,27.89,27.58,27.27,26.96,26.66,26.36,26.07,25.79,25.5,25.23,24.95,24.68,24.41,24.14,23.88,23.61,23.36,23.1,22.85,22.6,22.35,22.11,21.87,21.63,21.39,21.16,20.92,20.7,20.47,20.24,20.02,19.8,19.59,19.37,19.16,18.95,18.74,18.54,18.34,18.14,17.94,17.74,17.55,17.36,17.17,16.98,16.79,16.61,16.43,16.25,16.07,15.89,15.72,15.55,15.38,15.21,15.04,14.88,14.72,14.55,14.4,14.24,14.08,13.93
31,38.39,38.34,40.81,34.3,37.01,36.96,32.98,36.01,35.3,38.67,35.43,39.66,36.42,34.79,34.73,34.38,34.07,33.79,33.53,33.28,33.02,32.75,32.48,32.19,31.89,31.57,31.24,30.9,30.56,30.23,29.89,29.55,29.22,28.9,28.58,28.26,27.95,27.65,27.35,27.05,26.75,26.46,26.17,25.88,25.6,25.32,25.04,24.77,24.5,24.23,23.96,23.7,23.44,23.19,22.93,22.68,22.43,22.19,21.95,21.71,21.47,21.23,21.0,20.77,20.54,20.32,20.1,19.88,19.66,19.45,19.23,19.02,18.81,18.61,18.4,18.2,18.0,17.81,17.61,17.42,17.23,17.04,16.85,16.67,16.49,16.31,16.13,15.95,15.78,15.61,15.43,15.27,15.1,14.93
32,41.33,41.31,42.92,47.6,42.95,44.05,38.37,42.53,43.77,42.03,45.27,40.41,38.41,38.3,37.85,37.47,37.14,36.84,36.55,36.26,35.97,35.68,35.37,35.05,34.72,34.37,34.01,33.65,33.28,32.91,32.55,32.19,31.83,31.48,31.13,30.79,30.45,30.12,29.79,29.46,29.14,28.82,28.51,28.2,27.89,27.58,27.28,26.98,26.69,26.39,26.11,25.82,25.54,25.26,24.98,24.71,24.44,24.17,23.91,23.65,23.39,23.13,22.88,22.63,22.38,22.14,21.89,21.65,21.42,21.18,20.95,20.72,20.5,20.27,20.05,19.83,19.61,19.4,19.19,18.98,18.77,18.56,18.36,18.16,17.96,17.76,17.57,17.38,17.19,17.0,16.81,16.63,16.45,16.27
33,49.76,41.88,47.06,47.67,41.2,41.71,52.23,47.46,50.25,43.7,44.14,42.36,42.33,41.79,41.31,40.9,40.54,40.2,39.88,39.56,39.23,38.9,38.56,38.21,37.84,37.45,37.06,36.66,36.26,35.86,35.47,35.08,34.69,34.31,33.93,33.56,33.19,32.83,32.47,32.12,31.76,31.42,31.07,30.73,30.4,30.06,29.74,29.41,29.09,28.77,28.46,28.14,27.84,27.53,27.23,26.93,26.64,26.35,26.06,25.77,25.49,25.21,24.94,24.66,24.39,24.13,23.86,23.6,23.34,23.09,22.84,22.59,22.34,22.1,21.85,21.62,21.38,21.14,20.91,20.68,20.46,20.23,20.01,19.79,19.58,19.36,19.15,18.94,18.74,18.53,18.33,18.13,17.93,17.73
34,46.56,51.52,45.33,55.48,51.8,51.0,63.89,51.97,45.92,48.01,46.55,46.63,45.96,45.38,44.87,44.42,44.02,43.65,43.29,42.93,42.57,42.2,41.82,41.42,41.02,40.6,40.17,39.74,39.3,38.87,38.44,38.02,37.6,37.19,36.78,36.38,35.98,35.59,35.2,34.82,34.44,34.06,33.69,33.32,32.95,32.59,32.24,31.88,31.54,31.19,30.85,30.51,30.18,29.85,29.52,29.2,28.88,28.56,28.25,27.94,27.64,27.33,27.03,26.74,26.45,26.16,25.87,25.59,25.31,25.03,24.76,24.49,24.22,23.95,23.69,23.43,23.18,22.92,22.67,22.42,22.18,21.94,21.7,21.46,21.22,20.99,20.76,20.54,20.31,20.09,19.87,19.65,19.44,19.22
35,52.98,54.77,54.25,52.89,55.17,55.24,58.86,65.33,58.18,52.68,51.43,50.63,49.92,49.29,48.74,48.25,47.81,47.4,47.0,46.59,46.19,45.77,45.35,44.91,44.46,44.0,43.54,43.07,42.6,42.13,41.67,41.21,40.76,40.31,39.87,39.44,39.0,38.58,38.16,37.74,37.33,36.92,36.51,36.11,35.72,35.33,34.94,34.56,34.18,33.81,33.44,33.07,32.71,32.35,32.0,31.65,31.3,30.96,30.62,30.29,29.96,29.63,29.3,28.98,28.67,28.35,28.04,27.74,27.43,27.13,26.84,26.54,26.25,25.96,25.68,25.4,25.12,24.85,24.58,24.31,24.04,23.78,23.52,23.26,23.01,22.75,22.51,22.26,22.02,21.77,21.54,21.3,21.07,20.84
36,59.81,56.19,55.12,71.07,61.26,53.74,57.8,65.31,58.44,56.9,55.96,55.1,54.34,53.67,53.07,52.53,52.04,51.57,51.12,50.67,50.22,49.75,49.28,48.79,48.3,47.79,47.28,46.77,46.26,45.75,45.25,44.75,44.26,43.78,43.3,42.83,42.36,41.9,41.44,40.98,40.54,40.09,39.65,39.22,38.79,38.37,37.95,37.53,37.12,36.72,36.31,35.92,35.52,35.14,34.75,34.37,34.0,33.62,33.26,32.89,32.53,32.18,31.82,31.48,31.13,30.79,30.45,30.12,29.79,29.47,29.14,28.82,28.51,28.2,27.89,27.58,27.28,26.98,26.69,26.4,26.11,25.82,25.54,25.26,24.98,24.71,24.44,24.17,23.91,23.65,23.39,23.13,22.88,22.63
37,71.8,72.43,67.99,75.05,68.69,66.87,66.14,63.45,63.18,62.08,61.07,60.16,59.33,58.6,57.94,57.35,56.8,56.28,55.77,55.26,54.75,54.23,53.7,53.16,52.61,52.05,51.49,50.93,50.38,49.83,49.28,48.74,48.21,47.68,47.16,46.64,46.13,45.63,45.13,44.64,44.15,43.66,43.19,42.72,42.25,41.79,41.33,40.88,40.43,39.99,39.55,39.12,38.69,38.27,37.85,37.43,37.02,36.62,36.22,35.82,35.43,35.04,34.66,34.28,33.91,33.54,33.17,32.81,32.45,32.09,31.74,31.39,31.05,30.71,30.37,30.04,29.71,29.39,29.07,28.75,28.44,28.12,27.82,27.51,27.21,26.91,26.62,26.33,26.04,25.76,25.47,25.19,24.92,24.65
38,69.31,80.95,92.72,82.59,75.44,73.61,70.3,69.86,68.59,67.42,66.34,65.36,64.47,63.68,62.96,62.31,61.7,61.12,60.55,59.98,59.41,58.82,58.24,57.64,57.03,56.43,55.82,55.21,54.6,54.01,53.42,52.83,52.25,51.68,51.12,50.56,50.0,49.46,48.92,48.38,47.85,47.33,46.81,46.3,45.79,45.29,44.8,44.31,43.82,43.34,42.87,42.4,41.94,41.48,41.02,40.58,40.13,39.69,39.26,38.83,38.4,37.98,37.57,37.16,36.75,36.35,35.95,35.56,35.17,34.79,34.4,34.03,33.66,33.29,32.92,32.56,32.21,31.86,31.51,31.16,30.82,30.48,30.15,29.82,29.5,29.17,28.85,28.54,28.23,27.92,27.61,27.31,27.01,26.72
39,80.57,87.67,86.11,91.15,82.53,77.53,76.7,75.28,73.94,72.69,71.55,70.5,69.56,68.7,67.92,67.21,66.54,65.9,65.26,64.63,64.0,63.35,62.71,62.05,61.4,60.73,60.07,59.42,58.77,58.13,57.49,56.86,56.24,55.63,55.02,54.42,53.82,53.23,52.65,52.07,51.5,50.94,50.38,49.83,49.29,48.75,48.22,47.69,47.17,46.65,46.14,45.64,45.14,44.64,44.15,43.67,43.19,42.72,42.25,41.79,41.34,40.88,40.44,39.99,39.56,39.12,38.7,38.27,37.85,37.44,37.03,36.63,36.22,35.83,35.44,35.05,34.67,34.29,33.91,33.54,33.17,32.81,32.45,32.1,31.75,31.4,31.06,30.72,30.38,30.05,29.72,29.39,29.07,28.75
40,97.47,89.12,96.08,83.19,83.57,84.39,82.82,81.31,79.89,78.57,77.35,76.23,75.22,74.3,73.45,72.67,71.93,71.22,70.52,69.82,69.11,68.41,67.69,66.98,66.26,65.54,64.83,64.12,63.42,62.73,62.04,61.36,60.69,60.03,59.37,58.72,58.08,57.44,56.82,56.19,55.58,54.97,54.37,53.78,53.19,52.61,52.03,51.46,50.9,50.34,49.79,49.25,48.71,48.18,47.65,47.13,46.61,46.1,45.6,45.1,44.61,44.12,43.64,43.16,42.69,42.22,41.76,41.3,40.85,40.4,39.96,39.52,39.09,38.66,38.24,37.82,37.41,37.0,36.59,36.19,35.8,35.41,35.02,34.64,34.26,33.88,33.51,33.15,32.78,32.43,32.07,31.72,31.37,31.03
41,103.54,101.56,97.37,93.59,93.41,91.77,90.09,88.47,86.95,85.54,84.23,83.04,81.94,80.94,80.02,79.16,78.34,77.54,76.76,75.98,75.2,74.42,73.63,72.85,72.06,71.27,70.5,69.73,68.96,68.21,67.46,66.73,66.0,65.27,64.56,63.85,63.16,62.47,61.78,61.11,60.44,59.78,59.12,58.48,57.84,57.2,56.58,55.96,55.35,54.74,54.14,53.55,52.97,52.39,51.81,51.25,50.69,50.13,49.58,49.04,48.51,47.98,47.45,46.93,46.42,45.91,45.41,44.91,44.42,43.93,43.45,42.98,42.51,42.04,41.58,41.13,40.68,40.23,39.79,39.36,38.93,38.5,38.08,37.67,37.25,36.85,36.44,36.04,35.65,35.26,34.87,34.49,34.12,33.74
42,111.89,106.78,103.07,103.07,101.48,99.72,97.93,96.2,94.58,93.07,91.68,90.39,89.21,88.13,87.12,86.17,85.26,84.38,83.52,82.65,81.79,80.92,80.06,79.2,78.34,77.48,76.64,75.8,74.97,74.15,73.34,72.54,71.74,70.96,70.18,69.41,68.66,67.9,67.16,66.43,65.7,64.98,64.27,63.57,62.87,62.19,61.51,60.83,60.17,59.51,58.86,58.22,57.58,56.95,56.33,55.71,55.1,54.5,53.9,53.31,52.73,52.15,51.58,51.02,50.46,49.91,49.36,48.82,48.29,47.76,47.24,46.72,46.21,45.71,45.21,44.71,44.22,43.74,43.26,42.79,42.32,41.86,41.4,40.95,40.5,40.05,39.62,39.18,38.75,38.33,37.91,37.5,37.09,36.68
43,116.12,112.72,113.3,111.86,110.14,108.26,106.35,104.51,102.79,101.18,99.69,98.32,97.05,95.87,94.78,93.74,92.74,91.77,90.81,89.86,88.9,87.95,87.0,86.06,85.12,84.19,83.27,82.36,81.46,80.57,79.69,78.82,77.96,77.1,76.26,75.43,74.6,73.79,72.98,72.18,71.39,70.61,69.84,69.07,68.32,67.57,66.83,66.1,65.38,64.66,63.96,63.26,62.57,61.88,61.2,60.54,59.87,59.22,58.57,57.93,57.3,56.67,56.05,55.44,54.83,54.23,53.64,53.05,52.47,51.9,51.33,50.77,50.21,49.66,49.12,48.58,48.05,47.53,47.01,46.49,45.98,45.48,44.98,44.49,44.01,43.52,43.05,42.58,42.11,41.65,41.2,40.74,40.3,39.86
44,124.65,123.96,122.72,121.14,119.29,117.28,115.26,113.32,111.49,109.79,108.2,106.74,105.37,104.11,102.91,101.78,100.69,99.62,98.57,97.52,96.47,95.43,94.4,93.37,92.35,91.34,90.34,89.35,88.38,87.41,86.45,85.51,84.57,83.65,82.73,81.83,80.93,80.05,79.17,78.31,77.45,76.6,75.77,74.94,74.12,73.31,72.51,71.71,70.93,70.15,69.39,68.63,67.88,67.13,66.4,65.67,64.96,64.25,63.54,62.85,62.16,61.48,60.81,60.14,59.49,58.84,58.19,57.56,56.93,56.3,55.69,55.08,54.48,53.88,53.29,52.71,52.13,51.56,51.0,50.44,49.89,49.34,48.8,48.27,47.74,47.22,46.7,46.19,45.69,45.19,44.69,44.2,43.72,43.24
45,134.91,133.83,132.46,130.75,128.77,126.65,124.51,122.47,120.54,118.74,117.07,115.51,114.06,112.7,111.41,110.18,108.99,107.82,106.67,105.52,104.38,103.25,102.12,101.01,99.9,98.81,97.73,96.66,95.61,94.56,93.53,92.5,91.49,90.49,89.5,88.52,87.56,86.6,85.65,84.72,83.79,82.87,81.97,81.07,80.18,79.31,78.44,77.58,76.73,75.89,75.06,74.24,73.43,72.63,71.83,71.05,70.27,69.5,68.74,67.99,67.25,66.51,65.78,65.07,64.35,63.65,62.95,62.27,61.58,60.91,60.24,59.59,58.93,58.29,57.65,57.02,56.4,55.78,55.17,54.57,53.97,53.38,52.8,52.22,51.65,51.08,50.53,49.97,49.43,48.89,48.35,47.82,47.3,46.78
46,145.95,144.74,143.21,141.37,139.26,137.01,134.76,132.61,130.58,128.68,126.91,125.25,123.7,122.24,120.85,119.51,118.21,116.94,115.68,114.43,113.18,111.95,110.73,109.52,108.32,107.13,105.96,104.8,103.66,102.53,101.4,100.3,99.2,98.11,97.04,95.98,94.93,93.89,92.87,91.85,90.85,89.85,88.87,87.9,86.94,85.99,85.05,84.12,83.2,82.29,81.39,80.5,79.62,78.75,77.89,77.03,76.19,75.36,74.53,73.72,72.91,72.12,71.33,70.55,69.77,69.01,68.26,67.51,66.77,66.04,65.32,64.61,63.9,63.2,62.51,61.83,61.15,60.48,59.82,59.16,58.52,57.88,57.24,56.62,56.0,55.39,54.78,54.18,53.59,53.0,52.42,51.85,51.28,50.72
47,158.17,156.8,155.13,153.14,150.89,148.51,146.14,143.87,141.73,139.73,137.85,136.09,134.43,132.85,131.35,129.9,128.48,127.09,125.71,124.35,122.99,121.65,120.32,119.0,117.7,116.42,115.14,113.88,112.64,111.41,110.19,108.98,107.79,106.61,105.45,104.3,103.16,102.03,100.91,99.81,98.72,97.64,96.57,95.51,94.47,93.44,92.42,91.4,90.41,89.42,88.44,87.47,86.52,85.57,84.63,83.71,82.79,81.89,80.99,80.11,79.23,78.36,77.51,76.66,75.82,74.99,74.17,73.36,72.56,71.76,70.98,70.2,69.44,68.68,67.93,67.18,66.45,65.72,65.0,64.29,63.59,62.89,62.21,61.53,60.85,60.19,59.53,58.88,58.23,57.6,56.97,56.34,55.73,55.12
48,171.57,170.04,168.21,166.06,163.66,161.15,158.66,156.27,154.02,151.9,149.91,148.03,146.26,144.56,142.94,141.36,139.82,138.3,136.79,135.3,133.82,132.36,130.91,129.48,128.07,126.67,125.28,123.91,122.56,121.22,119.89,118.58,117.28,116.0,114.73,113.48,112.24,111.01,109.8,108.6,107.41,106.24,105.07,103.92,102.79,101.66,100.55,99.45,98.37,97.29,96.23,95.17,94.13,93.1,92.09,91.08,90.08,89.1,88.12,87.16,86.21,85.26,84.33,83.41,82.5,81.6,80.7,79.82,78.95,78.09,77.23,76.39,75.55,74.73,73.91,73.1,72.3,71.51,70.73,69.95,69.19,68.43,67.68,66.94,66.21,65.49,64.77,64.06,63.36,62.67,61.98,61.31,60.64,59.97
49,186.21,184.5,182.49,180.18,177.64,174.99,172.36,169.85,167.48,165.24,163.13,161.13,159.23,157.41,155.65,153.94,152.25,150.59,148.95,147.32,145.71,144.12,142.54,140.99,139.44,137.92,136.41,134.92,133.45,131.99,130.54,129.12,127.71,126.31,124.93,123.56,122.21,120.88,119.55,118.25,116.95,115.67,114.41,113.16,111.92,110.7,109.49,108.29,107.11,105.94,104.78,103.63,102.5,101.38,100.27,99.17,98.09,97.02,95.96,94.91,93.87,92.84,91.83,90.82,89.83,88.85,87.88,86.91,85.96,85.02,84.09,83.18,82.27,81.37,80.48,79.6,78.73,77.86,77.01,76.17,75.34,74.51,73.7,72.89,72.1,71.31,70.53,69.76,68.99,68.24,67.49,66.76,66.03,65.3
50,201.34,199.45,197.27,194.81,192.12,189.33,186.59,183.96,181.47,179.11,176.88,174.76,172.73,170.77,168.87,167.02,165.19,163.39,161.6,159.84,158.09,156.36,154.65,152.96,151.29,149.64,148.0,146.38,144.78,143.2,141.63,140.08,138.55,137.04,135.54,134.06,132.59,131.14,129.71,128.29,126.89,125.5,124.13,122.77,121.43,120.1,118.79,117.49,116.21,114.94,113.68,112.44,111.21,109.99,108.79,107.6,106.42,105.26,104.11,102.97,101.84,100.73,99.63,98.54,97.46,96.4,95.34,94.3,93.27,92.25,91.24,90.24,89.26,88.28,87.31,86.36,85.42,84.48,83.56,82.64,81.74,80.85,79.96,79.09,78.22,77.37,76.52,75.68,74.86,74.04,73.23,72.43,71.64,70.85
51,216.77,214.69,212.34,209.72,206.89,203.98,201.12,198.38,195.78,193.31,190.96,188.71,186.55,184.46,182.42,180.42,178.45,176.5,174.57,172.66,170.77,168.9,167.06,165.23,163.43,161.64,159.87,158.13,156.4,154.69,153.0,151.32,149.67,148.03,146.42,144.82,143.23,141.67,140.12,138.59,137.07,135.57,134.09,132.62,131.17,129.74,128.32,126.92,125.53,124.16,122.8,121.46,120.13,118.82,117.52,116.23,114.96,113.71,112.46,111.23,110.02,108.81,107.62,106.45,105.28,104.13,102.99,101.87,100.75,99.65,98.56,97.48,96.42,95.36,94.32,93.29,92.27,91.26,90.26,89.28,88.3,87.33,86.38,85.44,84.5,83.58,82.66,81.76,80.86,79.98,79.11,78.24,77.39,76.54
52,233.08,230.82,228.29,225.51,222.54,219.5,216.53,213.67,210.95,208.36,205.88,203.5,201.2,198.97,196.78,194.62,192.5,190.39,188.31,186.25,184.22,182.2,180.21,178.24,176.29,174.37,172.46,170.58,168.71,166.87,165.04,163.24,161.46,159.69,157.95,156.22,154.51,152.82,151.15,149.5,147.86,146.25,144.65,143.07,141.5,139.96,138.43,136.91,135.42,133.94,132.47,131.02,129.59,128.18,126.77,125.39,124.02,122.66,121.32,119.99,118.68,117.38,116.1,114.83,113.58,112.33,111.11,109.89,108.69,107.5,106.33,105.16,104.01,102.88,101.75,100.64,99.54,98.45,97.37,96.31,95.26,94.21,93.18,92.17,91.16,90.16,89.17,88.2,87.23,86.28,85.34,84.4,83.48,82.57
53,250.87,248.4,245.68,242.72,239.6,236.43,233.33,230.35,227.5,224.77,222.15,219.63,217.17,214.78,212.42,210.1,207.8,205.53,203.28,201.06,198.87,196.69,194.54,192.42,190.31,188.23,186.18,184.14,182.13,180.14,178.17,176.22,174.3,172.39,170.51,168.64,166.8,164.98,163.17,161.39,159.62,157.88,156.15,154.45,152.76,151.09,149.44,147.8,146.19,144.59,143.01,141.45,139.9,138.37,136.86,135.36,133.88,132.42,130.97,129.54,128.12,126.72,125.34,123.97,122.61,121.27,119.94,118.63,117.34,116.05,114.78,113.53,112.29,111.06,109.85,108.64,107.46,106.28,105.12,103.97,102.83,101.71,100.6,99.5,98.41,97.33,96.27,95.22,94.18,93.15,92.13,91.12,90.12,89.14
54,269.32,266.63,263.71,260.58,257.3,254.0,250.76,247.65,244.67,241.8,239.04,236.35,233.74,231.17,228.64,226.14,223.67,221.23,218.81,216.42,214.05,211.71,209.4,207.11,204.85,202.61,200.4,198.2,196.04,193.9,191.78,189.68,187.61,185.56,183.53,181.52,179.54,177.58,175.64,173.72,171.82,169.94,168.08,166.25,164.43,162.63,160.85,159.09,157.36,155.64,153.93,152.25,150.59,148.94,147.31,145.7,144.11,142.53,140.98,139.44,137.91,136.4,134.91,133.44,131.98,130.54,129.11,127.7,126.3,124.92,123.55,122.2,120.87,119.55,118.24,116.95,115.67,114.4,113.15,111.92,110.69,109.48,108.28,107.1,105.93,104.77,103.63,102.49,101.37,100.26,99.17,98.08,97.01,95.95
55,289.65,286.72,283.58,280.25,276.81,273.35,269.96,266.7,263.57,260.54,257.6,254.75,251.94,249.19,246.46,243.77,241.11,238.47,235.87,233.29,230.74,228.22,225.73,223.26,220.82,218.41,216.02,213.66,211.32,209.01,206.73,204.47,202.24,200.03,197.84,195.68,193.54,191.42,189.33,187.26,185.22,183.19,181.19,179.21,177.25,175.31,173.4,171.5,169.63,167.77,165.94,164.13,162.33,160.56,158.8,157.07,155.35,153.65,151.97,150.31,148.67,147.04,145.43,143.84,142.27,140.72,139.18,137.66,136.15,134.66,133.19,131.74,130.3,128.87,127.46,126.07,124.69,123.33,121.98,120.64,119.33,118.02,116.73,115.45,114.19,112.94,111.71,110.49,109.28,108.08,106.9,105.73,104.58,103.43
56,312.61,309.41,306.02,302.47,298.82,295.18,291.62,288.18,284.86,281.65,278.52,275.45,272.43,269.46,266.51,263.6,260.72,257.87,255.05,252.27,249.51,246.79,244.09,241.42,238.78,236.17,233.59,231.04,228.52,226.02,223.55,221.11,218.69,216.3,213.94,211.6,209.29,207.0,204.74,202.5,200.29,198.1,195.93,193.79,191.67,189.58,187.51,185.46,183.43,181.43,179.44,177.48,175.54,173.62,171.73,169.85,167.99,166.16,164.34,162.54,160.77,159.01,157.27,155.55,153.85,152.17,150.51,148.86,147.23,145.62,144.03,142.46,140.9,139.36,137.84,136.33,134.84,133.37,131.91,130.47,129.04,127.63,126.23,124.85,123.49,122.14,120.8,119.48,118.18,116.88,115.61,114.34,113.09,111.85
57,336.65,333.16,329.51,325.72,321.87,318.03,314.29,310.66,307.15,303.73,300.38,297.09,293.84,290.63,287.46,284.32,281.21,278.14,275.1,272.1,269.12,266.18,263.28,260.4,257.56,254.74,251.96,249.21,246.48,243.79,241.13,238.49,235.88,233.31,230.76,228.24,225.74,223.28,220.84,218.42,216.04,213.68,211.34,209.03,206.75,204.49,202.25,200.04,197.86,195.69,193.55,191.44,189.35,187.28,185.23,183.21,181.2,179.22,177.26,175.33,173.41,171.51,169.64,167.79,165.95,164.14,162.34,160.57,158.81,157.08,155.36,153.66,151.98,150.32,148.68,147.05,145.45,143.86,142.28,140.73,139.19,137.67,136.16,134.67,133.2,131.75,130.31,128.88,127.47,126.08,124.7,123.34,121.99,120.65
58,361.37,357.58,353.66,349.63,345.56,341.53,337.6,333.77,330.05,326.41,322.84,319.31,315.82,312.37,308.96,305.59,302.25,298.95,295.68,292.45,289.26,286.1,282.97,279.88,276.82,273.8,270.81,267.85,264.92,262.03,259.16,256.33,253.53,250.76,248.02,245.31,242.63,239.98,237.36,234.77,232.2,229.66,227.15,224.67,222.22,219.79,217.39,215.01,212.66,210.34,208.04,205.77,203.52,201.29,199.09,196.92,194.76,192.64,190.53,188.45,186.39,184.35,182.34,180.34,178.37,176.42,174.49,172.59,170.7,168.84,166.99,165.16,163.36,161.57,159.81,158.06,156.33,154.62,152.93,151.26,149.61,147.97,146.36,144.76,143.17,141.61,140.06,138.53,137.01,135.52,134.03,132.57,131.12,129.69
59,387.92,383.81,379.6,375.32,371.02,366.77,362.62,358.58,354.62,350.73,346.9,343.11,339.37,335.66,331.99,328.37,324.78,321.24,317.73,314.26,310.82,307.43,304.07,300.75,297.46,294.21,291.0,287.82,284.68,281.57,278.49,275.45,272.44,269.46,266.52,263.61,260.73,257.88,255.06,252.28,249.52,246.79,244.1,241.43,238.79,236.18,233.6,231.05,228.52,226.03,223.56,221.12,218.7,216.31,213.95,211.61,209.29,207.01,204.75,202.51,200.29,198.11,195.94,193.8,191.68,189.59,187.51,185.46,183.44,181.43,179.45,177.49,175.55,173.63,171.73,169.85,168.0,166.16,164.35,162.55,160.77,159.02,157.28,155.56,153.86,152.18,150.51,148.87,147.24,145.63,144.04,142.46,140.91,139.37
60,417.02,412.57,408.05,403.48,398.92,394.43,390.03,385.72,381.5,377.33,373.21,369.14,365.1,361.12,357.17,353.27,349.42,345.6,341.83,338.09,334.4,330.75,327.14,323.56,320.03,316.53,313.08,309.66,306.28,302.93,299.62,296.35,293.11,289.91,286.74,283.61,280.51,277.45,274.42,271.42,268.45,265.52,262.62,259.75,256.91,254.11,251.33,248.58,245.87,243.18,240.52,237.9,235.3,232.73,230.18,227.67,225.18,222.72,220.28,217.88,215.5,213.14,210.81,208.51,206.23,203.98,201.75,199.54,197.36,195.2,193.07,190.96,188.87,186.81,184.77,182.75,180.75,178.78,176.82,174.89,172.98,171.09,169.22,167.37,165.54,163.73,161.94,160.17,158.42,156.69,154.97,153.28,151.6,149.95
61,448.4,443.59,438.73,433.85,429.01,424.24,419.56,414.96,410.43,405.95,401.52,397.13,392.8,388.51,384.27,380.07,375.92,371.82,367.76,363.74,359.77,355.84,351.95,348.11,344.31,340.55,336.83,333.15,329.51,325.91,322.35,318.83,315.35,311.91,308.5,305.13,301.8,298.5,295.24,292.01,288.82,285.67,282.55,279.46,276.41,273.39,270.4,267.45,264.53,261.64,258.78,255.95,253.15,250.39,247.65,244.95,242.27,239.62,237.01,234.42,231.85,229.32,226.81,224.34,221.88,219.46,217.06,214.69,212.34,210.02,207.73,205.46,203.21,200.99,198.8,196.62,194.47,192.35,190.25,188.17,186.11,184.08,182.06,180.07,178.11,176.16,174.23,172.33,170.45,168.58,166.74,164.92,163.12,161.33
62,481.34,476.15,470.93,465.73,460.58,455.51,450.52,445.6,440.74,435.93,431.17,426.46,421.81,417.2,412.65,408.14,403.69,399.28,394.92,390.61,386.34,382.13,377.95,373.83,369.74,365.71,361.71,357.76,353.86,349.99,346.17,342.39,338.65,334.95,331.29,327.68,324.1,320.56,317.06,313.59,310.17,306.78,303.43,300.11,296.84,293.59,290.39,287.21,284.08,280.97,277.9,274.87,271.87,268.9,265.96,263.05,260.18,257.34,254.52,251.74,248.99,246.27,243.58,240.92,238.29,235.68,233.11,230.56,228.04,225.55,223.09,220.65,218.24,215.85,213.49,211.16,208.85,206.57,204.31,202.08,199.87,197.69,195.53,193.39,191.28,189.19,187.12,185.07,183.05,181.05,179.07,177.11,175.18,173.26
63,516.11,510.52,504.94,499.39,493.91,488.5,483.17,477.9,472.68,467.52,462.42,457.37,452.38,447.44,442.56,437.73,432.95,428.22,423.55,418.92,414.35,409.83,405.35,400.93,396.55,392.22,387.94,383.7,379.51,375.37,371.27,367.22,363.21,359.24,355.32,351.44,347.6,343.8,340.05,336.34,332.66,329.03,325.44,321.88,318.37,314.89,311.45,308.05,304.68,301.35,298.06,294.81,291.59,288.4,285.25,282.13,279.05,276.0,272.99,270.01,267.06,264.14,261.25,258.4,255.58,252.78,250.02,247.29,244.59,241.92,239.27,236.66,234.07,231.51,228.98,226.48,224.01,221.56,219.14,216.74,214.38,212.03,209.72,207.42,205.16,202.91,200.7,198.5,196.33,194.19,192.07,189.97,187.89,185.84
64,553.35,547.34,541.36,535.44,529.59,523.81,518.09,512.44,506.85,501.32,495.84,490.43,485.08,479.79,474.55,469.37,464.25,459.18,454.17,449.21,444.31,439.46,434.66,429.92,425.23,420.58,415.99,411.45,406.96,402.52,398.12,393.78,389.48,385.22,381.02,376.86,372.74,368.67,364.65,360.66,356.73,352.83,348.98,345.17,341.4,337.67,333.98,330.33,326.73,323.16,319.63,316.14,312.68,309.27,305.89,302.55,299.24,295.98,292.74,289.54,286.38,283.25,280.16,277.1,274.07,271.08,268.12,265.19,262.29,259.42,256.59,253.79,251.01,248.27,245.56,242.87,240.22,237.6,235.0,232.43,229.89,227.38,224.9,222.44,220.01,217.6,215.23,212.87,210.55,208.25,205.97,203.72,201.49,199.29
65,593.38,586.92,580.52,574.18,567.92,561.72,555.59,549.53,543.54,537.61,531.74,525.94,520.2,514.53,508.91,503.36,497.87,492.43,487.06,481.74,476.49,471.29,466.14,461.06,456.02,451.05,446.12,441.25,436.44,431.67,426.96,422.3,417.69,413.13,408.62,404.16,399.75,395.38,391.06,386.8,382.57,378.39,374.26,370.18,366.13,362.14,358.18,354.27,350.4,346.57,342.79,339.05,335.34,331.68,328.06,324.48,320.93,317.43,313.96,310.53,307.14,303.78,300.47,297.18,293.94,290.73,287.55,284.41,281.3,278.23,275.19,272.18,269.21,266.27,263.36,260.48,257.64,254.82,252.04,249.28,246.56,243.87,241.2,238.57,235.96,233.38,230.83,228.31,225.81,223.35,220.91,218.49,216.1,213.74
66,637.13,630.19,623.32,616.52,609.79,603.14,596.57,590.06,583.62,577.26,570.96,564.73,558.57,552.48,546.45,540.49,534.59,528.76,522.99,517.28,511.64,506.06,500.53,495.07,489.67,484.33,479.04,473.81,468.64,463.53,458.47,453.46,448.51,443.62,438.78,433.99,429.25,424.56,419.93,415.35,410.81,406.33,401.89,397.5,393.16,388.87,384.62,380.42,376.27,372.16,368.1,364.08,360.1,356.17,352.28,348.43,344.63,340.87,337.14,333.46,329.82,326.22,322.65,319.13,315.64,312.2,308.79,305.41,302.08,298.78,295.51,292.29,289.09,285.94,282.81,279.72,276.67,273.64,270.65,267.7,264.77,261.88,259.02,256.19,253.39,250.62,247.88,245.18,242.5,239.85,237.23,234.63,232.07,229.53
67,686.67,679.19,671.78,664.46,657.22,650.05,642.96,635.95,629.02,622.16,615.37,608.66,602.02,595.46,588.96,582.54,576.18,569.9,563.68,557.53,551.45,545.43,539.48,533.6,527.78,522.02,516.32,510.69,505.11,499.6,494.15,488.76,483.42,478.15,472.93,467.77,462.66,457.61,452.62,447.68,442.79,437.96,433.18,428.45,423.77,419.15,414.57,410.05,405.57,401.14,396.76,392.43,388.15,383.91,379.72,375.57,371.47,367.41,363.4,359.43,355.51,351.62,347.78,343.99,340.23,336.51,332.84,329.2,325.61,322.05,318.54,315.06,311.61,308.21,304.84,301.51,298.22,294.96,291.74,288.55,285.4,282.28,279.2,276.15,273.13,270.15,267.2,264.28,261.39,258.54,255.71,252.92,250.15,247.42
68,741.95,733.86,725.86,717.95,710.12,702.38,694.73,687.15,679.66,672.25,664.92,657.67,650.5,643.41,636.39,629.45,622.59,615.8,609.08,602.44,595.87,589.37,582.94,576.58,570.29,564.07,557.92,551.83,545.81,539.86,533.97,528.14,522.38,516.68,511.04,505.46,499.95,494.49,489.1,483.76,478.48,473.26,468.09,462.98,457.93,452.93,447.99,443.1,438.26,433.48,428.75,424.07,419.44,414.86,410.33,405.85,401.42,397.04,392.7,388.41,384.17,379.98,375.83,371.73,367.67,363.65,359.68,355.75,351.87,348.03,344.23,340.47,336.75,333.07,329.43,325.83,322.28,318.76,315.27,311.83,308.42,305.06,301.72,298.43,295.17,291.94,288.75,285.6,282.48,279.39,276.34,273.32,270.34,267.38
69,801.48,792.75,784.11,775.57,767.12,758.76,750.49,742.31,734.22,726.21,718.3,710.47,702.73,695.06,687.49,679.99,672.58,665.25,657.99,650.82,643.72,636.7,629.76,622.89,616.1,609.38,602.73,596.16,589.66,583.23,576.86,570.57,564.35,558.19,552.1,546.08,540.12,534.23,528.4,522.63,516.93,511.29,505.71,500.19,494.74,489.34,484.0,478.72,473.49,468.32,463.21,458.16,453.16,448.21,443.32,438.48,433.69,428.96,424.28,419.64,415.06,410.53,406.05,401.62,397.23,392.89,388.61,384.36,380.17,376.01,371.91,367.85,363.83,359.86,355.93,352.04,348.2,344.39,340.63,336.91,333.23,329.59,325.99,322.43,318.91,315.43,311.98,308.58,305.21,301.87,298.57,295.31,292.09,288.9
70,869.96,860.49,851.11,841.84,832.67,823.6,814.63,805.75,796.97,788.29,779.7,771.2,762.8,754.49,746.26,738.13,730.09,722.13,714.26,706.47,698.77,691.15,683.62,676.17,668.79,661.5,654.29,647.15,640.1,633.12,626.21,619.38,612.63,605.95,599.34,592.8,586.34,579.94,573.62,567.36,561.17,555.05,548.99,543.0,537.08,531.22,525.42,519.69,514.02,508.41,502.86,497.38,491.95,486.58,481.27,476.02,470.82,465.68,460.6,455.57,450.6,445.68,440.82,436.01,431.25,426.54,421.88,417.28,412.72,408.22,403.76,399.35,394.99,390.68,386.41,382.2,378.02,373.89,369.81,365.77,361.78,357.83,353.92,350.06,346.23,342.45,338.71,335.01,331.35,327.74,324.16,320.62,317.11,313.65
71,948.42,938.1,927.88,917.78,907.78,897.9,888.12,878.45,868.88,859.42,850.05,840.79,831.63,822.57,813.61,804.75,795.98,787.31,778.73,770.24,761.85,753.55,745.33,737.21,729.18,721.23,713.37,705.59,697.9,690.29,682.76,675.32,667.96,660.68,653.47,646.35,639.3,632.33,625.43,618.61,611.86,605.19,598.59,592.06,585.6,579.22,572.9,566.65,560.47,554.35,548.31,542.32,536.41,530.55,524.77,519.04,513.38,507.78,502.23,496.75,491.33,485.97,480.67,475.42,470.23,465.1,460.03,455.0,450.04,445.13,440.27,435.46,430.71,426.01,421.36,416.76,412.21,407.71,403.25,398.85,394.5,390.19,385.93,381.72,377.55,373.43,369.35,365.32,361.33,357.38,353.48,349.62,345.8,342.02
72,1035.47,1024.2,1013.05,1002.03,991.12,980.33,969.66,959.1,948.66,938.33,928.12,918.01,908.01,898.12,888.34,878.67,869.1,859.63,850.27,841.01,831.85,822.78,813.82,804.95,796.18,787.51,778.93,770.44,762.04,753.74,745.52,737.4,729.36,721.41,713.55,705.77,698.07,690.46,682.94,675.49,668.13,660.84,653.64,646.51,639.46,632.49,625.59,618.77,612.02,605.34,598.74,592.21,585.75,579.36,573.04,566.79,560.61,554.49,548.44,542.46,536.54,530.69,524.9,519.17,513.51,507.9,502.36,496.88,491.46,486.09,480.79,475.54,470.35,465.22,460.14,455.12,450.15,445.24,440.38,435.57,430.82,426.11,421.46,416.86,412.31,407.81,403.36,398.95,394.6,390.29,386.03,381.81,377.64,373.52
73,1132.71,1120.38,1108.2,1096.14,1084.22,1072.42,1060.75,1049.21,1037.79,1026.5,1015.32,1004.27,993.34,982.53,971.83,961.25,950.79,940.44,930.2,920.07,910.05,900.14,890.34,880.64,871.05,861.56,852.18,842.89,833.71,824.63,815.64,806.76,797.97,789.27,780.67,772.17,763.75,755.43,747.2,739.05,731.0,723.03,715.15,707.35,699.64,692.01,684.47,677.01,669.63,662.33,655.1,647.96,640.9,633.91,626.99,620.16,613.39,606.7,600.09,593.54,587.07,580.66,574.33,568.07,561.87,555.74,549.68,543.68,537.75,531.88,526.08,520.34,514.66,509.04,503.49,498.0,492.56,487.19,481.87,476.61,471.41,466.26,461.18,456.14,451.16,446.24,441.37,436.55,431.78,427.07,422.41,417.8,413.24,408.73
74,1242.46,1228.96,1215.59,1202.38,1189.3,1176.37,1163.58,1150.92,1138.4,1126.02,1113.77,1101.66,1089.67,1077.82,1066.09,1054.49,1043.01,1031.66,1020.43,1009.33,998.34,987.48,976.73,966.09,955.58,945.17,934.88,924.7,914.63,904.67,894.82,885.08,875.44,865.9,856.47,847.14,837.91,828.78,819.75,810.82,801.99,793.25,784.61,776.06,767.6,759.24,750.96,742.78,734.68,726.67,718.75,710.92,703.17,695.5,687.92,680.42,673.0,665.67,658.41,651.23,644.13,637.1,630.16,623.28,616.49,609.76,603.11,596.54,590.03,583.59,577.23,570.93,564.7,558.54,552.45,546.42,540.46,534.57,528.73,522.96,517.26,511.61,506.03,500.51,495.05,489.65,484.3,479.02,473.79,468.62,463.5,458.44,453.44,448.49
75,1367.23,1352.38,1337.69,1323.15,1308.77,1294.55,1280.48,1266.56,1252.79,1239.17,1225.7,1212.37,1199.19,1186.15,1173.25,1160.49,1147.87,1135.39,1123.04,1110.82,1098.73,1086.78,1074.96,1063.26,1051.69,1040.25,1028.93,1017.73,1006.65,995.69,984.85,974.13,963.53,953.04,942.66,932.4,922.25,912.2,902.27,892.44,882.73,873.11,863.6,854.19,844.89,835.69,826.58,817.58,808.67,799.86,791.14,782.52,774.0,765.56,757.22,748.97,740.8,732.73,724.74,716.84,709.03,701.3,693.65,686.09,678.61,671.21,663.9,656.66,649.5,642.42,635.41,628.48,621.63,614.85,608.14,601.51,594.95,588.46,582.04,575.69,569.41,563.2,557.06,550.98,544.97,539.02,533.14,527.33,521.57,515.88,510.25,504.68,499.18,493.73
76,1508.67,1492.29,1476.09,1460.06,1444.21,1428.52,1413.0,1397.66,1382.47,1367.45,1352.6,1337.9,1323.36,1308.98,1294.76,1280.68,1266.76,1252.99,1239.37,1225.9,1212.57,1199.38,1186.34,1173.44,1160.68,1148.06,1135.57,1123.22,1111.0,1098.91,1086.96,1075.13,1063.43,1051.86,1040.41,1029.09,1017.89,1006.81,995.85,985.01,974.29,963.68,953.19,942.81,932.55,922.39,912.35,902.41,892.59,882.87,873.25,863.74,854.33,845.02,835.82,826.71,817.71,808.8,799.99,791.27,782.65,774.12,765.68,757.34,749.09,740.92,732.85,724.86,716.96,709.14,701.41,693.77,686.2,678.72,671.32,664.0,656.76,649.6,642.52,635.51,628.58,621.73,614.95,608.24,601.61,595.04,588.55,582.13,575.78,569.5,563.29,557.15,551.07,545.06
77,1668.85,1650.75,1632.84,1615.12,1597.59,1580.26,1563.11,1546.14,1529.36,1512.75,1496.33,1480.08,1464.01,1448.11,1432.39,1416.83,1401.44,1386.22,1371.16,1356.26,1341.52,1326.95,1312.53,1298.26,1284.15,1270.19,1256.39,1242.73,1229.22,1215.85,1202.63,1189.56,1176.62,1163.82,1151.17,1138.65,1126.26,1114.01,1101.89,1089.9,1078.04,1066.31,1054.71,1043.23,1031.88,1020.65,1009.54,998.55,987.68,976.93,966.3,955.78,945.37,935.08,924.9,914.83,904.86,895.01,885.26,875.62,866.08,856.65,847.32,838.09,828.96,819.93,810.99,802.16,793.42,784.77,776.22,767.76,759.4,751.12,742.93,734.84,726.83,718.9,711.07,703.32,695.65,688.07,680.56,673.14,665.81,658.55,651.37,644.26,637.24,630.29,623.41,616.62,609.89,603.24
78,1851.26,1831.19,1811.34,1791.71,1772.28,1753.07,1734.06,1715.25,1696.65,1678.25,1660.04,1642.03,1624.22,1606.59,1589.16,1571.91,1554.85,1537.98,1521.28,1504.77,1488.43,1472.27,1456.28,1440.46,1424.82,1409.34,1394.03,1378.89,1363.91,1349.09,1334.43,1319.93,1305.59,1291.4,1277.36,1263.48,1249.74,1236.16,1222.72,1209.42,1196.27,1183.26,1170.4,1157.67,1145.08,1132.62,1120.3,1108.11,1096.06,1084.13,1072.34,1060.67,1049.13,1037.71,1026.42,1015.25,1004.2,993.27,982.45,971.76,961.18,950.72,940.36,930.13,920.0,909.98,900.07,890.27,880.57,870.98,861.49,852.11,842.83,833.65,824.56,815.58,806.7,797.91,789.21,780.61,772.11,763.69,755.37,747.14,738.99,730.94,722.97,715.09,707.3,699.59,691.96,684.42,676.95,669.57
79,2060.44,2038.13,2016.06,1994.23,1972.63,1951.26,1930.13,1909.22,1888.53,1868.07,1847.82,1827.79,1807.98,1788.38,1768.99,1749.81,1730.84,1712.07,1693.5,1675.13,1656.96,1638.98,1621.2,1603.61,1586.21,1568.99,1551.96,1535.12,1518.45,1501.97,1485.66,1469.53,1453.57,1437.78,1422.17,1406.72,1391.44,1376.32,1361.37,1346.58,1331.95,1317.47,1303.16,1288.99,1274.98,1261.12,1247.41,1233.85,1220.44,1207.17,1194.04,1181.06,1168.21,1155.51,1142.94,1130.51,1118.21,1106.05,1094.01,1082.11,1070.34,1058.69,1047.17,1035.77,1024.5,1013.35,1002.32,991.41,980.62,969.94,959.39,948.94,938.61,928.39,918.28,908.28,898.39,888.6,878.93,869.35,859.88,850.52,841.25,832.09,823.02,814.06,805.19,796.41,787.74,779.15,770.66,762.26,753.96,745.74
80,2300.66,2275.78,2251.17,2226.82,2202.73,2178.9,2155.32,2132.0,2108.93,2086.1,2063.52,2041.18,2019.08,1997.21,1975.58,1954.18,1933.01,1912.07,1891.36,1870.86,1850.59,1830.53,1810.69,1791.06,1771.64,1752.43,1733.43,1714.63,1696.03,1677.64,1659.44,1641.44,1623.63,1606.01,1588.58,1571.34,1554.29,1537.42,1520.73,1504.22,1487.89,1471.73,1455.75,1439.94,1424.3,1408.83,1393.53,1378.39,1363.41,1348.6,1333.95,1319.45,1305.11,1290.93,1276.9,1263.02,1249.29,1235.7,1222.27,1208.98,1195.83,1182.83,1169.97,1157.24,1144.66,1132.21,1119.89,1107.71,1095.66,1083.74,1071.94,1060.28,1048.74,1037.33,1026.04,1014.87,1003.83,992.9,982.09,971.4,960.83,950.37,940.02,929.78,919.66,909.65,899.74,889.94,880.25,870.66,861.18,851.8,842.52,833.34
81,2578.98,2551.13,2523.58,2496.33,2469.36,2442.68,2416.29,2390.17,2364.34,2338.78,2313.49,2288.48,2263.73,2239.25,2215.03,2191.06,2167.36,2143.91,2120.7,2097.75,2075.04,2052.58,2030.36,2008.37,1986.62,1965.1,1943.82,1922.76,1901.93,1881.32,1860.93,1840.77,1820.81,1801.08,1781.55,1762.23,1743.13,1724.22,1705.52,1687.03,1668.73,1650.62,1632.71,1615.0,1597.47,1580.14,1562.99,1546.02,1529.24,1512.64,1496.22,1479.97,1463.9,1448.0,1432.28,1416.72,1401.33,1386.11,1371.05,1356.16,1341.42,1326.84,1312.43,1298.16,1284.05,1270.1,1256.29,1242.63,1229.12,1215.76,1202.54,1189.46,1176.53,1163.73,1151.08,1138.56,1126.17,1113.92,1101.8,1089.82,1077.96,1066.23,1054.63,1043.15,1031.8,1020.57,1009.46,998.47,987.61,976.85,966.22,955.7,945.3,935.0
82,2899.23,2867.98,2837.05,2806.46,2776.19,2746.24,2716.62,2687.3,2658.3,2629.61,2601.22,2573.13,2545.35,2517.86,2490.66,2463.76,2437.14,2410.8,2384.75,2358.97,2333.47,2308.24,2283.28,2258.59,2234.16,2209.99,2186.08,2162.43,2139.03,2115.88,2092.98,2070.32,2047.91,2025.73,2003.8,1982.1,1960.63,1939.39,1918.38,1897.6,1877.03,1856.69,1836.57,1816.66,1796.97,1777.49,1758.22,1739.15,1720.29,1701.63,1683.18,1664.92,1646.86,1628.99,1611.31,1593.83,1576.53,1559.42,1542.49,1525.75,1509.19,1492.8,1476.59,1460.56,1444.7,1429.0,1413.48,1398.13,1382.94,1367.92,1353.05,1338.35,1323.81,1309.42,1295.19,1281.11,1267.19,1253.41,1239.79,1226.31,1212.98,1199.79,1186.74,1173.83,1161.07,1148.44,1135.95,1123.59,1111.37,1099.28,1087.32,1075.49,1063.79,1052.21
83,3265.28,3230.15,3195.39,3160.99,3126.96,3093.29,3059.98,3027.02,2994.41,2962.14,2930.22,2898.63,2867.39,2836.47,2805.88,2775.62,2745.68,2716.05,2686.75,2657.75,2629.06,2600.68,2572.6,2544.82,2517.34,2490.15,2463.25,2436.63,2410.3,2384.25,2358.48,2332.99,2307.76,2282.81,2258.12,2233.7,2209.53,2185.63,2161.98,2138.59,2115.44,2092.54,2069.89,2047.48,2025.31,2003.38,1981.69,1960.22,1938.99,1917.98,1897.2,1876.64,1856.31,1836.19,1816.29,1796.6,1777.12,1757.85,1738.79,1719.93,1701.28,1682.83,1664.57,1646.51,1628.65,1610.98,1593.5,1576.2,1559.1,1542.17,1525.43,1508.87,1492.49,1476.28,1460.25,1444.39,1428.71,1413.19,1397.84,1382.65,1367.63,1352.77,1338.07,1323.53,1309.15,1294.92,1280.85,1266.93,1253.15,1239.53,1226.05,1212.72,1199.54,1186.49
84,3685.82,3646.25,3607.09,3568.35,3530.01,3492.08,3454.55,3417.42,3380.67,3344.32,3308.35,3272.76,3237.54,3202.7,3168.23,3134.12,3100.38,3066.99,3033.95,3001.27,2968.93,2936.94,2905.28,2873.96,2842.98,2812.32,2781.99,2751.98,2722.29,2692.92,2663.85,2635.1,2606.66,2578.51,2550.67,2523.12,2495.87,2468.91,2442.23,2415.84,2389.73,2363.91,2338.35,2313.07,2288.06,2263.32,2238.84,2214.62,2190.66,2166.96,2143.51,2120.31,2097.36,2074.66,2052.2,2029.98,2008.0,1986.25,1964.74,1943.46,1922.4,1901.58,1880.97,1860.59,1840.42,1820.47,1800.74,1781.22,1761.91,1742.8,1723.9,1705.21,1686.71,1668.41,1650.31,1632.41,1614.7,1597.18,1579.84,1562.7,1545.73,1528.95,1512.36,1495.94,1479.69,1463.63,1447.73,1432.01,1416.45,1401.07,1385.85,1370.79,1355.9,1341.17
85,4171.45,4126.78,4082.57,4038.83,3995.54,3952.71,3910.33,3868.4,3826.9,3785.84,3745.22,3705.02,3665.24,3625.88,3586.94,3548.41,3510.28,3472.56,3435.24,3398.3,3361.76,3325.61,3289.83,3254.44,3219.42,3184.77,3150.49,3116.57,3083.01,3049.8,3016.95,2984.44,2952.28,2920.47,2888.99,2857.84,2827.02,2796.53,2766.37,2736.53,2707.0,2677.79,2648.89,2620.3,2592.01,2564.02,2536.33,2508.94,2481.84,2455.02,2428.5,2402.25,2376.29,2350.6,2325.19,2300.05,2275.18,2250.57,2226.23,2202.15,2178.32,2154.75,2131.43,2108.36,2085.54,2062.96,2040.63,2018.53,1996.67,1975.05,1953.66,1932.49,1911.56,1890.84,1870.35,1850.08,1830.03,1810.2,1790.57,1771.16,1751.95,1732.96,1714.16,1695.57,1677.18,1658.99,1640.99,1623.18,1605.57,1588.15,1570.91,1553.86,1536.99,1520.31
86,4724.8,4674.34,4624.41,4575.0,4526.11,4477.73,4429.85,4382.47,4335.59,4289.19,4243.29,4197.86,4152.91,4108.43,4064.41,4020.86,3977.76,3935.12,3892.92,3851.17,3809.86,3768.98,3728.53,3688.5,3648.9,3609.72,3570.94,3532.58,3494.62,3457.06,3419.9,3383.13,3346.75,3310.75,3275.14,3239.9,3205.03,3170.53,3136.4,3102.63,3069.22,3036.16,3003.45,2971.09,2939.07,2907.39,2876.05,2845.04,2814.36,2784.01,2753.97,2724.26,2694.87,2665.78,2637.01,2608.54,2580.38,2552.52,2524.95,2497.68,2470.7,2444.0,2417.59,2391.47,2365.62,2340.04,2314.74,2289.72,2264.95,2240.46,2216.22,2192.25,2168.53,2145.06,2121.85,2098.88,2076.16,2053.68,2031.45,2009.45,1987.69,1966.16,1944.86,1923.79,1902.95,1882.33,1861.93,1841.75,1821.79,1802.04,1782.5,1763.18,1744.06,1725.15
87,5356.47,5299.46,5243.04,5187.2,5131.94,5077.26,5023.14,4969.58,4916.58,4864.13,4812.22,4760.86,4710.03,4659.73,4609.95,4560.69,4511.94,4463.71,4415.98,4368.74,4322.0,4275.75,4229.98,4184.69,4139.88,4095.53,4051.65,4008.24,3965.27,3922.76,3880.69,3839.07,3797.88,3757.13,3716.8,3676.9,3637.42,3598.35,3559.7,3521.46,3483.61,3446.17,3409.12,3372.47,3336.2,3300.31,3264.81,3229.68,3194.92,3160.53,3126.5,3092.83,3059.52,3026.57,2993.96,2961.7,2929.78,2898.2,2866.96,2836.04,2805.46,2775.2,2745.26,2715.64,2686.34,2657.35,2628.66,2600.29,2572.21,2544.43,2516.95,2489.77,2462.87,2436.26,2409.93,2383.88,2358.12,2332.62,2307.4,2282.45,2257.77,2233.35,2209.19,2185.29,2161.64,2138.25,2115.11,2092.22,2069.57,2047.16,2024.99,2003.07,1981.37,1959.91
88,6073.69,6009.29,5945.55,5882.47,5820.04,5758.24,5697.09,5636.56,5576.66,5517.37,5458.7,5400.63,5343.16,5286.29,5230.01,5174.3,5119.18,5064.62,5010.64,4957.21,4904.34,4852.01,4800.23,4748.99,4698.28,4648.1,4598.45,4549.31,4500.68,4452.56,4404.95,4357.83,4311.2,4265.06,4219.41,4174.23,4129.52,4085.29,4041.51,3998.2,3955.34,3912.93,3870.97,3829.45,3788.36,3747.71,3707.48,3667.68,3628.29,3589.33,3550.77,3512.62,3474.87,3437.52,3400.56,3364.0,3327.82,3292.02,3256.6,3221.56,3186.88,3152.58,3118.63,3085.05,3051.82,3018.95,2986.42,2954.24,2922.4,2890.9,2859.73,2828.9,2798.39,2768.2,2738.34,2708.8,2679.56,2650.64,2622.03,2593.72,2565.72,2538.01,2510.6,2483.48,2456.65,2430.1,2403.84,2377.86,2352.16,2326.73,2301.57,2276.68,2252.06,2227.7
89,6889.69,6816.96,6744.97,6673.71,6603.17,6533.36,6464.25,6395.86,6328.16,6261.15,6194.83,6129.19,6064.22,5999.92,5936.28,5873.29,5810.95,5749.25,5688.18,5627.75,5567.93,5508.74,5450.15,5392.17,5334.79,5278.0,5221.8,5166.18,5111.14,5056.67,5002.76,4949.42,4896.63,4844.38,4792.68,4741.52,4690.89,4640.78,4591.2,4542.14,4493.59,4445.54,4398.0,4350.95,4304.4,4258.33,4212.74,4167.63,4123.0,4078.83,4035.12,3991.88,3949.08,3906.74,3864.84,3823.38,3782.36,3741.77,3701.6,3661.86,3622.54,3583.63,3545.13,3507.04,3469.35,3432.06,3395.16,3358.65,3322.53,3286.79,3251.42,3216.43,3181.81,3147.56,3113.67,3080.14,3046.96,3014.14,2981.67,2949.53,2917.74,2886.29,2855.17,2824.39,2793.92,2763.79,2733.97,2704.47,2675.29,2646.41,2617.84,2589.58,2561.62,2533.95
90,7816.65,7734.54,7653.26,7572.8,7493.15,7414.3,7336.25,7258.99,7182.51,7106.8,7031.86,6957.68,6884.26,6811.58,6739.64,6668.43,6597.95,6528.19,6459.13,6390.79,6323.14,6256.18,6189.91,6124.32,6059.4,5995.14,5931.55,5868.61,5806.31,5744.66,5683.64,5623.25,5563.48,5504.33,5445.79,5387.85,5330.51,5273.77,5217.61,5162.04,5107.04,5052.61,4998.74,4945.44,4892.68,4840.48,4788.82,4737.69,4687.1,4637.04,4587.5,4538.47,4489.95,4441.95,4394.44,4347.43,4300.91,4254.88,4209.33,4164.25,4119.65,4075.52,4031.85,3988.63,3945.87,3903.56,3861.7,3820.27,3779.28,3738.72,3698.59,3658.88,3619.59,3580.71,3542.24,3504.18,3466.52,3429.25,3392.38,3355.9,3319.81,3284.1,3248.76,3213.8,3179.21,3144.98,3111.12,3077.61,3044.47,3011.67,2979.22,2947.11,2915.35,2883.92
91,9078.73,8988.74,8899.6,8811.3,8723.83,8637.18,8551.36,8466.35,8382.14,8298.74,8216.12,8134.3,8053.25,7972.97,7893.45,7814.7,7736.7,7659.44,7582.92,7507.14,7432.08,7357.74,7284.12,7211.2,7138.99,7067.47,6996.64,6926.49,6857.02,6788.22,6720.09,6652.61,6585.79,6519.62,6454.08,6389.19,6324.92,6261.28,6198.25,6135.84,6074.04,6012.84,5952.24,5892.23,5832.8,5773.96,5715.69,5657.99,5600.85,5544.28,5488.26,5432.79,5377.86,5323.47,5269.62,5216.3,5163.5,5111.22,5059.46,5008.21,4957.46,4907.22,4857.47,4808.21,4759.43,4711.15,4663.33,4616.0,4569.13,4522.72,4476.78,4431.29,4386.25,4341.66,4297.51,4253.8,4210.53,4167.69,4125.27,4083.28,4041.7,4000.54,3959.79,3919.44,3879.5,3839.96,3800.81,3762.05,3723.68,3685.7,3648.09,3610.86,3574.01,3537.52
92,10408.05,10311.01,10214.83,10119.49,10024.99,9931.32,9838.48,9746.46,9655.25,9564.86,9475.26,9386.45,9298.44,9211.21,9124.75,9039.06,8954.14,8869.98,8786.57,8703.9,8621.98,8540.79,8460.33,8380.59,8301.57,8223.26,8145.65,8068.74,7992.53,7917.01,7842.17,7768.0,7694.51,7621.69,7549.52,7478.01,7407.15,7336.94,7267.36,7198.42,7130.1,7062.41,6995.34,6928.88,6863.02,6797.77,6733.12,6669.06,6605.59,6542.7,6480.39,6418.65,6357.48,6296.87,6236.82,6177.33,6118.38,6059.97,6002.11,5944.78,5887.98,5831.71,5775.96,5720.72,5666.0,5611.78,5558.07,5504.86,5452.14,5399.91,5348.17,5296.91,5246.12,5195.81,5145.97,5096.6,5047.68,4999.23,4951.22,4903.67,4856.55,4809.89,4763.65,4717.85,4672.48,4627.54,4583.02,4538.91,4495.22,4451.94,4409.07,4366.6,4324.53,4282.86
93,11912.73,11808.71,11705.53,11603.19,11501.69,11401.02,11301.17,11202.14,11103.92,11006.51,10909.9,10814.08,10719.06,10624.82,10531.35,10438.66,10346.74,10255.58,10165.18,10075.53,9986.62,9898.46,9811.03,9724.32,9638.35,9553.09,9468.55,9384.71,9301.58,9219.15,9137.41,9056.36,8975.99,8896.3,8817.28,8738.93,8661.24,8584.21,8507.83,8432.1,8357.01,8282.56,8208.74,8135.55,8062.99,7991.04,7919.71,7848.98,7778.86,7709.34,7640.42,7572.08,7504.34,7437.17,7370.58,7304.56,7239.11,7174.23,7109.9,7046.13,6982.9,6920.23,6858.09,6796.49,6735.43,6674.89,6614.88,6555.39,6496.41,6437.95,6380.0,6322.54,6265.59,6209.14,6153.17,6097.7,6042.7,5988.19,5934.16,5880.59,5827.5,5774.86,5722.69,5670.98,5619.72,5568.91,5518.54,5468.62,5419.13,5370.09,5321.47,5273.28,5225.51,5178.16
94,13598.2,13487.51,13377.65,13268.62,13160.41,13053.01,12946.42,12840.64,12735.65,12631.46,12528.06,12425.44,12323.61,12222.55,12122.26,12022.73,11923.96,11825.95,11728.69,11632.18,11536.41,11441.37,11347.06,11253.49,11160.63,11068.49,10977.06,10886.35,10796.33,10707.01,10618.39,10530.46,10443.21,10356.64,10270.75,10185.52,10100.97,10017.08,9933.84,9851.26,9769.32,9688.03,9607.38,9527.37,9447.98,9369.22,9291.09,9213.57,9136.66,9060.37,8984.68,8909.59,8835.1,8761.2,8687.88,8615.15,8543.01,8471.43,8400.43,8330.0,8260.13,8190.82,8122.06,8053.86,7986.2,7919.09,7852.51,7786.47,7720.97,7655.99,7591.53,7527.6,7464.18,7401.28,7338.88,7276.99,7215.6,7154.7,7094.3,7034.4,6974.97,6916.03,6857.57,6799.59,6742.08,6685.04,6628.46,6572.34,6516.68,6461.48,6406.73,6352.43,6298.57,6245.15
95,15488.16,15371.28,15255.19,15139.9,15025.4,14911.69,14798.76,14686.61,14575.24,14464.63,14354.8,14245.72,14137.4,14029.84,13923.03,13816.97,13711.64,13607.06,13503.2,13400.08,13297.68,13196.01,13095.05,12994.8,12895.26,12796.43,12698.3,12600.86,12504.12,12408.07,12312.7,12218.01,12124.0,12030.66,11937.99,11845.98,11754.63,11663.95,11573.91,11484.52,11395.78,11307.68,11220.21,11133.38,11047.18,10961.6,10876.64,10792.31,10708.58,10625.47,10542.96,10461.05,10379.75,10299.03,10218.91,10139.38,10060.43,9982.06,9904.26,9827.04,9750.39,9674.3,9598.77,9523.8,9449.39,9375.52,9302.21,9229.44,9157.2,9085.51,9014.34,8943.71,8873.6,8804.01,8734.95,8666.4,8598.36,8530.83,8463.8,8397.28,8331.26,8265.73,8200.69,8136.14,8072.08,8008.5,7945.4,7882.77,7820.62,7758.93,7697.71,7636.95,7576.66,7516.82
96,17601.26,17478.85,17357.19,17236.29,17116.15,16996.75,16878.1,16760.18,16643.01,16526.57,16410.87,16295.89,16181.64,16068.11,15955.3,15843.2,15731.81,15621.13,15511.16,15401.89,15293.31,15185.44,15078.25,14971.75,14865.93,14760.8,14656.34,14552.56,14449.44,14347.0,14245.22,14144.1,14043.64,13943.83,13844.67,13746.16,13648.29,13551.07,13454.48,13358.52,13263.2,13168.5,13074.43,12980.97,12888.14,12795.91,12704.3,12613.3,12522.9,12433.1,12343.9,12255.29,12167.27,12079.84,11992.99,11906.73,11821.04,11735.93,11651.39,11567.42,11484.01,11401.16,11318.87,11237.14,11155.96,11075.33,10995.25,10915.7,10836.7,10758.23,10680.3,10602.9,10526.02,10449.67,10373.84,10298.53,10223.73,10149.45,10075.67,10002.4,9929.63,9857.36,9785.59,9714.31,9643.53,9573.23,9503.42,9434.08,9365.23,9296.85,9228.95,9161.52,9094.55,9028.05
97,19943.45,19816.51,19690.28,19564.75,19439.92,19315.78,19192.34,19069.59,18947.54,18826.16,18705.48,18585.47,18466.15,18347.5,18229.52,18112.22,17995.59,17879.62,17764.31,17649.67,17535.69,17422.36,17309.68,17197.65,17086.27,16975.54,16865.45,16756.0,16647.18,16539.0,16431.45,16324.53,16218.24,16112.56,16007.51,15903.08,15799.26,15696.06,15593.46,15491.48,15390.09,15289.31,15189.13,15089.54,14990.55,14892.15,14794.34,14697.11,14600.46,14504.4,14408.91,14313.99,14219.65,14125.88,14032.67,13940.03,13847.95,13756.42,13665.46,13575.04,13485.18,13395.86,13307.09,13218.86,13131.17,13044.01,12957.4,12871.31,12785.75,12700.72,12616.21,12532.22,12448.75,12365.8,12283.36,12201.43,12120.0,12039.09,11958.67,11878.76,11799.34,11720.42,11641.99,11564.05,11486.59,11409.63,11333.14,11257.13,11181.6,11106.55,11031.96,10957.85,10884.2,10811.02
98,22492.79,22362.8,22233.45,22104.73,21976.65,21849.2,21722.39,21596.2,21470.65,21345.72,21221.41,21097.73,20974.66,20852.22,20730.4,20609.19,20488.59,20368.6,20249.23,20130.46,20012.3,19894.74,19777.78,19661.43,19545.67,19430.51,19315.94,19201.96,19088.58,18975.78,18863.57,18751.94,18640.89,18530.43,18420.54,18311.23,18202.49,18094.32,17986.72,17879.69,17773.23,17667.33,17561.99,17457.21,17352.99,17249.32,17146.2,17043.64,16941.62,16840.16,16739.23,16638.85,16539.01,16439.7,16340.94,16242.7,16145.0,16047.83,15951.19,15855.07,15759.47,15664.4,15569.84,15475.8,15382.28,15289.27,15196.77,15104.77,15013.29,14922.31,14831.83,14741.84,14652.36,14563.37,14474.88,14386.88,14299.36,14212.34,14125.79,14039.73,13954.15,13869.05,13784.43,13700.28,13616.6,13533.39,13450.65,13368.38,13286.57,13205.22,13124.33,13043.9,12963.92,12884.4
99,25215.82,25084.7,24954.13,24824.13,24694.69,24565.81,24437.49,24309.72,24182.51,24055.85,23929.75,23804.2,23679.2,23554.75,23430.85,23307.5,23184.69,23062.43,22940.72,22819.54,22698.91,22578.82,22459.26,22340.25,22221.77,22103.83,21986.41,21869.54,21753.19,21637.37,21522.08,21407.32,21293.08,21179.36,21066.17,20953.5,20841.35,20729.72,20618.61,20508.01,20397.92,20288.35,20179.28,20070.73,19962.69,19855.15,19748.11,19641.58,19535.56,19430.03,19325.0,19220.47,19116.43,19012.89,18909.84,18807.29,18705.22,18603.64,18502.55,18401.94,18301.82,18202.17,18103.01,18004.33,17906.12,17808.39,17711.13,17614.35,17518.03,17422.19,17326.81,17231.9,17137.45,17043.46,16949.94,16856.87,16764.27,16672.12,16580.42,16489.17,16398.38,16308.04,16218.14,16128.69,16039.69,15951.13,15863.01,15775.33,15688.08,15601.28,15514.9,15428.97,15343.46,15258.38
100,28117.62,27987.44,27857.73,27728.5,27599.75,27471.48,27343.69,27216.37,27089.53,26963.16,26837.27,26711.85,26586.91,26462.44,26338.44,26214.91,26091.85,25969.27,25847.15,25725.51,25604.33,25483.62,25363.37,25243.6,25124.28,25005.44,24887.05,24769.13,24651.67,24534.68,24418.14,24302.06,24186.45,24071.29,23956.59,23842.34,23728.55,23615.21,23502.33,23389.91,23277.93,23166.4,23055.33,22944.7,22834.53,22724.8,22615.51,22506.67,22398.28,22290.33,22182.82,22075.75,21969.13,21862.94,21757.19,21651.88,21547.01,21442.57,21338.56,21234.99,21131.85,21029.15,20926.87,20825.02,20723.6,20622.6,20522.04,20421.89,20322.17,20222.87,20124.0,20025.54,19927.51,19829.89,19732.68,19635.9,19539.53,19443.57,19348.02,19252.89,19158.16,19063.85,18969.94,18876.44,18783.34,18690.65,18598.36,18506.47,18414.98,18323.9,18233.21,18142.92,18053.02,17963.52
101,32287.47,32165.51,32044.0,31922.94,31802.33,31682.16,31562.45,31443.18,31324.36,31205.98,31088.05,30970.57,30853.53,30736.94,30620.79,30505.08,30389.81,30274.99,30160.61,30046.66,29933.16,29820.1,29707.47,29595.28,29483.53,29372.22,29261.34,29150.89,29040.88,28931.31,28822.16,28713.45,28605.17,28497.31,28389.89,28282.89,28176.33,28070.19,27964.47,27859.18,27754.31,27649.87,27545.85,27442.25,27339.08,27236.32,27133.98,27032.06,26930.55,26829.46,26728.79,26628.53,26528.69,26429.25,26330.23,26231.62,26133.41,26035.62,25938.23,25841.25,25744.68,25648.51,25552.74,25457.38,25362.41,25267.85,25173.68,25079.92,24986.55,24893.58,24801.0,24708.82,24617.03,24525.63,24434.62,24344.01,24253.78,24163.94,24074.48,23985.41,23896.73,23808.43,23720.51,23632.97,23545.82,23459.04,23372.64,23286.61,23200.96,23115.69,23030.79,22946.26,22862.11,22778.32
102,36958.29,36845.37,36732.86,36620.77,36509.1,36397.84,36287.0,36176.57,36066.56,35956.96,35847.78,35739.01,35630.66,35522.71,35415.18,35308.06,35201.35,35095.05,34989.15,34883.67,34778.59,34673.93,34569.67,34465.81,34362.36,34259.31,34156.67,34054.44,33952.6,33851.17,33750.13,33649.5,33549.27,33449.44,33350.0,33250.96,33152.32,33054.07,32956.22,32858.77,32761.7,32665.03,32568.75,32472.87,32377.37,32282.26,32187.54,32093.21,31999.26,31905.7,31812.53,31719.73,31627.33,31535.3,31443.65,31352.39,31261.51,31171.0,31080.87,30991.12,30901.74,30812.74,30724.12,30635.86,30547.98,30460.47,30373.33,30286.56,30200.15,30114.12,30028.45,29943.14,29858.2,29773.63,29689.41,29605.56,29522.06,29438.93,29356.15,29273.74,29191.67,29109.97,29028.62,28947.62,28866.97,28786.67,28706.73,28627.13,28547.88,28468.98,28390.42,28312.21,28234.35,28156.82
103,42059.66,41956.44,41853.61,41751.16,41649.08,41547.39,41446.09,41345.16,41244.61,41144.44,41044.65,40945.24,40846.21,40747.56,40649.28,40551.38,40453.85,40356.7,40259.93,40163.53,40067.5,39971.85,39876.57,39781.66,39687.12,39592.96,39499.16,39405.73,39312.67,39219.98,39127.66,39035.7,38944.11,38852.89,38762.02,38671.53,38581.39,38491.62,38402.21,38313.16,38224.47,38136.14,38048.17,37960.56,37873.3,37786.4,37699.86,37613.67,37527.83,37442.35,37357.22,37272.44,37188.01,37103.94,37020.21,36936.83,36853.79,36771.11,36688.76,36606.77,36525.11,36443.8,36362.84,36282.21,36201.93,36121.98,36042.37,35963.1,35884.17,35805.57,35727.31,35649.38,35571.79,35494.53,35417.6,35341.0,35264.73,35188.79,35113.17,35037.89,34962.93,34888.29,34813.98,34739.99,34666.32,34592.98,34519.95,34447.25,34374.86,34302.79,34231.04,34159.6,34088.48,34017.67
104,47482.35,47389.31,47296.61,47204.25,47112.25,47020.58,46929.26,46838.29,46747.66,46657.37,46567.42,46477.82,46388.55,46299.63,46211.05,46122.81,46034.91,45947.35,45860.13,45773.24,45686.7,45600.49,45514.62,45429.08,45343.88,45259.01,45174.48,45090.28,45006.41,44922.88,44839.67,44756.8,44674.26,44592.05,44510.17,44428.62,44347.39,44266.49,44185.92,44105.68,44025.76,43946.16,43866.89,43787.94,43709.31,43631.01,43553.02,43475.36,43398.01,43320.99,43244.28,43167.89,43091.82,43016.06,42940.62,42865.49,42790.67,42716.17,42641.98,42568.1,42494.53,42421.27,42348.32,42275.68,42203.35,42131.32,42059.59,41988.18,41917.06,41846.25,41775.74,41705.54,41635.63,41566.02,41496.72,41427.71,41359.0,41290.58,41222.46,41154.64,41087.11,41019.87,40952.93,40886.27,40819.91,40753.84,40688.05,40622.56,40557.35,40492.43,40427.79,40363.44,40299.37,40235.58
105,53085.2,53002.54,52920.18,52838.14,52756.4,52674.96,52593.84,52513.02,52432.5,52352.3,52272.39,52192.79,52113.5,52034.51,51955.82,51877.44,51799.36,51721.58,51644.1,51566.92,51490.05,51413.47,51337.2,51261.22,51185.54,51110.16,51035.08,50960.29,50885.8,50811.6,50737.7,50664.1,50590.79,50517.77,50445.05,50372.62,50300.48,50228.63,50157.07,50085.8,50014.83,49944.14,49873.73,49803.62,49733.79,49664.25,49595.0,49526.02,49457.34,49388.94,49320.82,49252.98,49185.42,49118.15,49051.15,48984.44,48918.0,48851.84,48785.96,48720.36,48655.03,48589.98,48525.2,48460.7,48396.47,48332.51,48268.82,48205.41,48142.26,48079.39,48016.78,47954.45,47892.38,47830.57,47769.03,47707.76,47646.75,47586.01,47525.53,47465.31,47405.35,47345.65,47286.22,47227.04,47168.12,47109.46,47051.05,46992.91,46935.01,46877.37,46819.99,46762.86,46705.98,46649.35
106,58708.47,58636.11,58564.03,58492.21,58420.66,58349.39,58278.38,58207.64,58137.17,58066.97,57997.03,57927.37,57857.97,57788.83,57719.97,57651.37,57583.03,57514.96,57447.15,57379.61,57312.33,57245.31,57178.56,57112.07,57045.84,56979.87,56914.17,56848.72,56783.53,56718.61,56653.94,56589.53,56525.38,56461.48,56397.84,56334.46,56271.34,56208.47,56145.85,56083.49,56021.38,55959.53,55897.93,55836.58,55775.48,55714.63,55654.04,55593.69,55533.59,55473.74,55414.14,55354.79,55295.68,55236.82,55178.2,55119.83,55061.71,55003.82,54946.19,54888.79,54831.63,54774.72,54718.05,54661.62,54605.42,54549.47,54493.75,54438.28,54383.04,54328.03,54273.26,54218.73,54164.43,54110.36,54056.53,54002.93,53949.56,53896.42,53843.51,53790.83,53738.38,53686.16,53634.17,53582.4,53530.86,53479.55,53428.46,53377.6,53326.96,53276.54,53226.34,53176.37,53126.61,53077.08
107,64191.28,64128.88,64066.71,64004.77,63943.06,63881.59,63820.36,63759.35,63698.58,63638.03,63577.72,63517.64,63457.79,63398.18,63338.79,63279.63,63220.7,63162.0,63103.53,63045.28,62987.27,62929.48,62871.92,62814.58,62757.48,62700.59,62643.94,62587.51,62531.3,62475.31,62419.56,62364.02,62308.71,62253.61,62198.75,62144.1,62089.67,62035.46,61981.48,61927.71,61874.17,61820.84,61767.73,61714.83,61662.16,61609.7,61557.46,61505.43,61453.62,61402.02,61350.64,61299.47,61248.51,61197.77,61147.24,61096.92,61046.81,60996.91,60947.22,60897.75,60848.48,60799.42,60750.56,60701.92,60653.48,60605.24,60557.22,60509.39,60461.78,60414.36,60367.15,60320.14,60273.34,60226.74,60180.33,60134.13,60088.13,60042.33,59996.72,59951.32,59906.11,59861.1,59816.29,59771.67,59727.25,59683.02,59638.99,59595.15,59551.5,59508.04,59464.78,59421.71,59378.83,59336.14
108,69389.27,69336.22,69283.36,69230.71,69178.25,69125.99,69073.94,69022.07,68970.41,68918.94,68867.67,68816.6,68765.73,68715.05,68664.56,68614.28,68564.18,68514.29,68464.59,68415.08,68365.76,68316.64,68267.72,68218.98,68170.44,68122.1,68073.94,68025.97,67978.2,67930.62,67883.23,67836.02,67789.01,67742.19,67695.56,67649.11,67602.85,67556.78,67510.9,67465.21,67419.7,67374.38,67329.24,67284.29,67239.52,67194.94,67150.55,67106.33,67062.3,67018.45,66974.79,66931.31,66888.0,66844.88,66801.94,66759.18,66716.6,66674.2,66631.98,66589.93,66548.07,66506.38,66464.87,66423.53,66382.37,66341.39,66300.58,66259.94,66219.48,66179.19,66139.08,66099.14,66059.37,66019.77,65980.34,65941.09,65902.0,65863.09,65824.34,65785.76,65747.35,65709.11,65671.04,65633.13,65595.39,65557.81,65520.4,65483.15,65446.07,65409.15,65372.4,65335.81,65299.38,65263.11
109,74188.43,74143.94,74099.62,74055.46,74011.47,73967.65,73924.0,73880.51,73837.19,73794.03,73751.04,73708.22,73665.56,73623.06,73580.73,73538.57,73496.56,73454.73,73413.05,73371.54,73330.2,73289.01,73247.99,73207.13,73166.43,73125.9,73085.52,73045.31,73005.25,72965.36,72925.63,72886.06,72846.64,72807.39,72768.29,72729.35,72690.58,72651.95,72613.49,72575.18,72537.03,72499.04,72461.2,72423.52,72385.99,72348.62,72311.4,72274.34,72237.43,72200.67,72164.07,72127.62,72091.32,72055.18,72019.19,71983.34,71947.65,71912.11,71876.72,71841.48,71806.38,71771.44,71736.65,71702.0,71667.5,71633.15,71598.94,71564.89,71530.97,71497.21,71463.59,71430.11,71396.78,71363.59,71330.55,71297.65,71264.89,71232.27,71199.8,71167.47,71135.28,71103.23,71071.32,71039.55,71007.92,70976.43,70945.07,70913.86,70882.78,70851.84,70821.04,70790.38,70759.85,70729.45
110,78512.66,78475.82,78439.13,78402.57,78366.15,78329.88,78293.74,78257.73,78221.87,78186.14,78150.55,78115.1,78079.79,78044.61,78009.57,77974.66,77939.89,77905.26,77870.76,77836.4,77802.18,77768.09,77734.13,77700.31,77666.62,77633.07,77599.65,77566.36,77533.21,77500.19,77467.31,77434.55,77401.93,77369.44,77337.08,77304.86,77272.76,77240.79,77208.96,77177.26,77145.68,77114.24,77082.92,77051.74,77020.68,76989.75,76958.95,76928.28,76897.73,76867.31,76837.02,76806.86,76776.82,76746.91,76717.12,76687.46,76657.92,76628.51,76599.22,76570.06,76541.02,76512.11,76483.31,76454.64,76426.09,76397.67,76369.37,76341.18,76313.12,76285.18,76257.36,76229.66,76202.08,76174.62,76147.28,76120.06,76092.95,76065.97,76039.1,76012.34,75985.71,75959.19,75932.79,75906.5,75880.33,75854.28,75828.34,75802.51,75776.8,75751.2,75725.72,75700.35,75675.09,75649.94
111,82324.5,82294.36,82264.34,82234.44,82204.65,82174.97,82145.4,82115.95,82086.61,82057.39,82028.27,81999.27,81970.39,81941.61,81912.95,81884.4,81855.96,81827.63,81799.41,81771.3,81743.31,81715.42,81687.65,81659.99,81632.43,81604.99,81577.66,81550.43,81523.32,81496.31,81469.41,81442.62,81415.94,81389.37,81362.91,81336.55,81310.3,81284.16,81258.12,81232.19,81206.37,81180.66,81155.05,81129.54,81104.14,81078.85,81053.66,81028.58,81003.6,80978.72,80953.95,80929.29,80904.72,80880.26,80855.9,80831.65,80807.5,80783.45,80759.5,80735.65,80711.91,80688.26,80664.72,80641.27,80617.93,80594.69,80571.55,80548.5,80525.56,80502.71,80479.97,80457.32,80434.77,80412.31,80389.96,80367.7,80345.54,80323.47,80301.51,80279.63,80257.86,80236.18,80214.59,80193.1,80171.7,80150.4,80129.19,80108.08,80087.06,80066.13,80045.3,80024.56,80003.91,79983.35
112,85620.5,85596.12,85571.84,85547.64,85523.54,85499.53,85475.61,85451.78,85428.05,85404.4,85380.85,85357.39,85334.02,85310.74,85287.55,85264.46,85241.45,85218.53,85195.71,85172.97,85150.32,85127.77,85105.3,85082.92,85060.64,85038.44,85016.33,84994.31,84972.37,84950.53,84928.77,84907.1,84885.52,84864.03,84842.62,84821.31,84800.07,84778.93,84757.87,84736.9,84716.02,84695.22,84674.5,84653.88,84633.34,84612.88,84592.51,84572.22,84552.02,84531.9,84511.87,84491.92,84472.05,84452.27,84432.57,84412.96,84393.43,84373.98,84354.61,84335.32,84316.12,84297.0,84277.96,84259.0,84240.13,84221.33,84202.62,84183.98,84165.43,84146.96,84128.56,84110.25,84092.01,84073.86,84055.78,84037.78,84019.86,84002.02,83984.26,83966.57,83948.96,83931.43,83913.98,83896.6,83879.3,83862.08,83844.93,83827.86,83810.86,83793.94,83777.1,83760.33,83743.63,83727.01
113,88423.45,88403.93,88384.48,88365.11,88345.81,88326.59,88307.44,88288.36,88269.36,88250.43,88231.57,88212.79,88194.08,88175.45,88156.88,88138.39,88119.97,88101.63,88083.35,88065.15,88047.02,88028.97,88010.98,87993.07,87975.23,87957.46,87939.76,87922.13,87904.57,87887.09,87869.67,87852.33,87835.06,87817.85,87800.72,87783.65,87766.66,87749.74,87732.88,87716.1,87699.38,87682.73,87666.15,87649.64,87633.2,87616.83,87600.53,87584.29,87568.12,87552.02,87535.99,87520.02,87504.12,87488.29,87472.52,87456.83,87441.19,87425.63,87410.13,87394.7,87379.33,87364.03,87348.79,87333.62,87318.51,87303.47,87288.49,87273.58,87258.74,87243.95,87229.23,87214.58,87199.98,87185.46,87170.99,87156.59,87142.25,87127.97,87113.76,87099.61,87085.52,87071.49,87057.52,87043.62,87029.78,87016.0,87002.27,86988.61,86975.02,86961.48,86948.0,86934.58,86921.22,86907.92
114,90773.65,90758.17,90742.76,90727.41,90712.11,90696.87,90681.7,90666.58,90651.52,90636.51,90621.57,90606.68,90591.85,90577.08,90562.37,90547.72,90533.12,90518.58,90504.1,90489.68,90475.31,90461.0,90446.75,90432.55,90418.41,90404.33,90390.31,90376.34,90362.43,90348.57,90334.77,90321.03,90307.34,90293.7,90280.13,90266.61,90253.14,90239.73,90226.38,90213.08,90199.83,90186.64,90173.5,90160.42,90147.4,90134.42,90121.5,90108.64,90095.83,90083.07,90070.37,90057.72,90045.12,90032.58,90020.09,90007.65,89995.27,89982.93,89970.66,89958.43,89946.25,89934.13,89922.06,89910.04,89898.07,89886.16,89874.29,89862.48,89850.72,89839.01,89827.34,89815.73,89804.18,89792.67,89781.21,89769.8,89758.44,89747.13,89735.87,89724.66,89713.5,89702.39,89691.32,89680.31,89669.34,89658.43,89647.56,89636.74,89625.97,89615.24,89604.57,89593.94,89583.36,89572.82
115,92721.06,92708.92,92696.83,92684.78,92672.78,92660.83,92648.92,92637.06,92625.24,92613.47,92601.75,92590.07,92578.44,92566.85,92555.31,92543.81,92532.36,92520.95,92509.59,92498.28,92487.01,92475.78,92464.6,92453.47,92442.37,92431.33,92420.33,92409.37,92398.46,92387.59,92376.76,92365.98,92355.24,92344.55,92333.9,92323.3,92312.73,92302.21,92291.74,92281.31,92270.92,92260.57,92250.27,92240.01,92229.79,92219.62,92209.48,92199.39,92189.35,92179.34,92169.38,92159.46,92149.58,92139.74,92129.95,92120.19,92110.48,92100.81,92091.18,92081.59,92072.04,92062.53,92053.07,92043.64,92034.26,92024.91,92015.61,92006.34,91997.12,91987.93,91978.79,91969.69,91960.62,91951.6,91942.61,91933.66,91924.76,91915.89,91907.06,91898.27,91889.52,91880.8,91872.13,91863.49,91854.89,91846.33,91837.81,91829.33,91820.88,91812.47,91804.1,91795.77,91787.47,91779.21
116,94319.03,94309.61,94300.22,94290.87,94281.55,94272.28,94263.03,94253.83,94244.66,94235.52,94226.42,94217.36,94208.33,94199.34,94190.38,94181.46,94172.57,94163.72,94154.9,94146.12,94137.37,94128.66,94119.98,94111.34,94102.74,94094.16,94085.63,94077.12,94068.65,94060.22,94051.82,94043.45,94035.12,94026.82,94018.56,94010.33,94002.13,93993.97,93985.84,93977.75,93969.69,93961.66,93953.67,93945.7,93937.78,93929.88,93922.02,93914.19,93906.4,93898.63,93890.9,93883.21,93875.54,93867.91,93860.31,93852.74,93845.2,93837.7,93830.23,93822.79,93815.38,93808.01,93800.66,93793.35,93786.07,93778.82,93771.6,93764.41,93757.26,93750.13,93743.04,93735.98,93728.94,93721.94,93714.97,93708.03,93701.12,93694.24,93687.39,93680.57,93673.78,93667.03,93660.3,93653.6,93646.93,93640.29,93633.68,93627.09,93620.54,93614.02,93607.53,93601.06,93594.63,93588.22
117,95619.8,95612.58,95605.38,95598.21,95591.07,95583.95,95576.87,95569.81,95562.78,95555.77,95548.79,95541.84,95534.92,95528.03,95521.16,95514.32,95507.5,95500.72,95493.96,95487.23,95480.52,95473.84,95467.19,95460.56,95453.96,95447.39,95440.85,95434.33,95427.84,95421.37,95414.93,95408.52,95402.13,95395.77,95389.43,95383.13,95376.84,95370.59,95364.35,95358.15,95351.97,95345.82,95339.69,95333.59,95327.51,95321.46,95315.43,95309.43,95303.46,95297.5,95291.58,95285.68,95279.8,95273.95,95268.13,95262.33,95256.55,95250.8,95245.07,95239.37,95233.69,95228.04,95222.41,95216.81,95211.23,95205.67,95200.14,95194.63,95189.15,95183.69,95178.25,95172.84,95167.45,95162.08,95156.74,95151.42,95146.12,95140.85,95135.6,95130.38,95125.17,95119.99,95114.84,95109.7,95104.59,95099.5,95094.44,95089.39,95084.37,95079.38,95074.4,95069.45,95064.51,95059.6
118,96671.81,96666.35,96660.91,96655.49,96650.1,96644.72,96639.37,96634.03,96628.72,96623.43,96618.15,96612.9,96607.67,96602.46,96597.27,96592.11,96586.96,96581.83,96576.72,96571.64,96566.57,96561.52,96556.5,96551.49,96546.51,96541.54,96536.6,96531.67,96526.77,96521.88,96517.02,96512.17,96507.35,96502.54,96497.75,96492.99,96488.24,96483.52,96478.81,96474.12,96469.45,96464.8,96460.18,96455.57,96450.97,96446.4,96441.85,96437.32,96432.8,96428.31,96423.83,96419.38,96414.94,96410.52,96406.12,96401.74,96397.38,96393.03,96388.71,96384.4,96380.11,96375.84,96371.59,96367.36,96363.14,96358.95,96354.77,96350.61,96346.46,96342.34,96338.23,96334.15,96330.08,96326.02,96321.99,96317.97,96313.97,96309.99,96306.03,96302.08,96298.15,96294.24,96290.34,96286.47,96282.61,96278.76,96274.94,96271.13,96267.34,96263.56,96259.8,96256.06,96252.34,96248.63
119,97518.2,97514.15,97510.12,97506.1,97502.1,97498.11,97494.14,97490.18,97486.24,97482.32,97478.41,97474.52,97470.64,97466.77,97462.93,97459.09,97455.28,97451.47,97447.69,97443.92,97440.16,97436.42,97432.69,97428.98,97425.28,97421.6,97417.94,97414.28,97410.65,97407.03,97403.42,97399.83,97396.25,97392.69,97389.14,97385.6,97382.09,97378.58,97375.09,97371.62,97368.16,97364.71,97361.28,97357.86,97354.46,97351.07,97347.69,97344.33,97340.99,97337.65,97334.34,97331.03,97327.74,97324.47,97321.21,97317.96,97314.72,97311.5,97308.3,97305.1,97301.93,97298.76,97295.61,97292.47,97289.35,97286.24,97283.14,97280.06,97276.98,97273.93,97270.88,97267.85,97264.84,97261.83,97258.84,97255.87,97252.9,97249.95,97247.01,97244.09,97241.17,97238.27,97235.39,97232.51,97229.65,97226.81,97223.97,97221.15,97218.34,97215.54,97212.75,97209.98,97207.22,97204.47
120,98196.33,98193.41,98190.49,98187.59,98184.69,98181.81,98178.94,98176.08,98173.24,98170.4,98167.57,98164.76,98161.96,98159.16,98156.38,98153.61,98150.85,98148.11,98145.37,98142.64,98139.93,98137.23,98134.53,98131.85,98129.18,98126.52,98123.87,98121.23,98118.6,98115.99,98113.38,98110.78,98108.2,98105.62,98103.06,98100.51,98097.96,98095.43,98092.91,98090.4,98087.9,98085.41,98082.93,98080.46,98078.0,98075.55,98073.12,98070.69,98068.27,98065.86,98063.47,98061.08,98058.7,98056.33,98053.98,98051.63,98049.29,98046.97,98044.65,98042.35,98040.05,98037.76,98035.49,98033.22,98030.96,98028.71,98026.48,98024.25,98022.03,98019.82,98017.62,98015.44,98013.26,98011.09,98008.93,98006.77,98004.63,98002.5,98000.38,97998.27,97996.16,97994.07,97991.98,97989.91,97987.84,97985.78,97983.73,97981.7,97979.67,97977.65,97975.63,97973.63,97971.64,97969.65
121,98737.86,98735.83,98733.8,98731.78,98729.77,98727.76,98725.76,98723.77,98721.79,98719.82,98717.85,98715.89,98713.94,98712.0,98710.07,98708.14,98706.22,98704.31,98702.4,98700.51,98698.62,98696.74,98694.86,98693.0,98691.14,98689.29,98687.44,98685.61,98683.78,98681.96,98680.14,98678.34,98676.54,98674.75,98672.96,98671.19,98669.42,98667.66,98665.9,98664.16,98662.42,98660.68,98658.96,98657.24,98655.53,98653.83,98652.13,98650.44,98648.76,98647.09,98645.42,98643.76,98642.1,98640.46,98638.82,98637.19,98635.56,98633.94,98632.33,98630.73,98629.13,98627.54,98625.95,98624.38,98622.81,98621.24,98619.69,98618.14,98616.6,98615.06,98613.53,98612.01,98610.49,98608.98,98607.48,98605.98,98604.49,98603.01,98601.54,98600.07,98598.6,98597.15,98595.7,98594.25,98592.81,98591.38,98589.96,98588.54,98587.13,98585.72,98584.32,98582.93,98581.55,98580.17
122,99169.2,99167.87,99166.54,99165.22,99163.9,99162.59,99161.28,99159.98,99158.68,99157.39,99156.1,99154.82,99153.54,99152.27,99151.0,99149.74,99148.49,99147.23,99145.99,99144.75,99143.51,99142.28,99141.05,99139.83,99138.61,99137.4,99136.2,99134.99,99133.8,99132.61,99131.42,99130.24,99129.06,99127.89,99126.72,99125.56,99124.4,99123.25,99122.1,99120.96,99119.82,99118.68,99117.55,99116.43,99115.31,99114.2,99113.09,99111.98,99110.88,99109.78,99108.69,99107.61,99106.52,99105.45,99104.37,99103.31,99102.24,99101.18,99100.13,99099.08,99098.03,99096.99,99095.96,99094.92,99093.9,99092.87,99091.86,99090.84,99089.83,99088.83,99087.83,99086.83,99085.84,99084.85,99083.87,99082.89,99081.92,99080.95,99079.98,99079.02,99078.06,99077.11,99076.16,99075.21,99074.27,99073.34,99072.41,99071.48,99070.55,99069.63,99068.72,99067.81,99066.9,99066.0
123,99512.08,99511.3,99510.52,99509.75,99508.98,99508.22,99507.45,99506.69,99505.93,99505.18,99504.43,99503.68,99502.93,99502.19,99501.45,99500.71,99499.98,99499.25,99498.52,99497.8,99497.07,99496.35,99495.64,99494.93,99494.22,99493.51,99492.8,99492.1,99491.4,99490.71,99490.01,99489.32,99488.64,99487.95,99487.27,99486.59,99485.91,99485.24,99484.57,99483.9,99483.24,99482.58,99481.92,99481.26,99480.61,99479.96,99479.31,99478.66,99478.02,99477.38,99476.74,99476.11,99475.48,99474.85,99474.22,99473.6,99472.98,99472.36,99471.74,99471.13,99470.52,99469.91,99469.31,99468.71,99468.11,99467.51,99466.91,99466.32,99465.73,99465.15,99464.56,99463.98,99463.4,99462.83,99462.25,99461.68,99461.11,99460.55,99459.98,99459.42,99458.86,99458.3,99457.75,99457.2,99456.65,99456.1,99455.56,99455.02,99454.48,99453.94,99453.41,99452.88,99452.35,99451.82
124,99784.23,99783.89,99783.54,99783.2,99782.87,99782.53,99782.19,99781.86,99781.53,99781.19,99780.86,99780.53,99780.21,99779.88,99779.55,99779.23,99778.91,99778.59,99778.27,99777.95,99777.63,99777.31,99777.0,99776.68,99776.37,99776.06,99775.75,99775.44,99775.14,99774.83,99774.52,99774.22,99773.92,99773.62,99773.32,99773.02,99772.72,99772.43,99772.13,99771.84,99771.55,99771.25,99770.97,99770.68,99770.39,99770.1,99769.82,99769.53,99769.25,99768.97,99768.69,99768.41,99768.13,99767.86,99767.58,99767.31,99767.03,99766.76,99766.49,99766.22,99765.95,99765.69,99765.42,99765.16,99764.89,99764.63,99764.37,99764.11,99763.85,99763.59,99763.34,99763.08,99762.83,99762.57,99762.32,99762.07,99761.82,99761.57,99761.32,99761.07,99760.83,99760.58,99760.34,99760.1,99759.86,99759.62,99759.38,99759.14,99758.9,99758.67,99758.43,99758.2,99757.97,99757.73
125,100000.0,100000.0,100000.0,100000.0,100000.0,100000.0,100000.0,100000.0,100000.0,100000.0,100000.0,100000.0,100000.0,100000.0,100000.0,100000.0,100000.0,100000.0,100000.0,100000.0,100000.0,100000.0,100000.0,100000.0,100000.0,100000.0,100000.0,100000.0,100000.0,100000.0,100000.0,100000.0,100000.0,100000.0,100000.0,100000.0,100000.0,100000.0,100000.0,100000.0,100000.0,100000.0,100000.0,100000.0,100000.0,100000.0,100000.0,100000.0,100000.0,100000.0,100000.0,100000.0,100000.0,100000.0,100000.0,100000.0,100000.0,100000.0,100000.0,100000.0,100000.0,100000.0,100000.0,100000.0,100000.0,100000.0,100000.0,100000.0,100000.0,100000.0,100000.0,100000.0,100000.0,100000.0,100000.0,100000.0,100000.0,100000.0,100000.0,100000.0,100000.0,100000.0,100000.0,100000.0,100000.0,100000.0,100000.0,100000.0,100000.0,100000.0,100000.0,100000.0,100000.0,100000.0
