,1981,1982,1983,1984,1985,1986,1987,1988,1989,1990,1991,1992,1993,1994,1995,1996,1997,1998,1999,2000,2001,2002,2003,2004,2005,2006,2007,2008,2009,2010,2011,2012,2013,2014,2015,2016,2017,2018,2019,2020,2021,2022,2023,2024,2025,2026,2027,2028,2029,2030,2031,2032,2033,2034,2035,2036,2037,2038,2039,2040,2041,2042,2043,2044,2045,2046,2047,2048,2049,2050,2051,2052,2053,2054,2055,2056,2057,2058,2059,2060,2061,2062,2063,2064,2065,2066,2067,2068
0,934.54,938.92,891.07,838.46,825.01,806.83,798.73,773.96,728.25,688.23,640.57,572.51,561.96,537.28,531.25,541.57,528.77,498.15,512.69,505.65,498.06,462.2,491.16,471.33,435.65,462.48,436.01,419.86,423.93,404.47,370.85,368.26,347.3,362.81,335.54,354.33,358.5,352.54,306.36,306.59,299.75,293.39,287.09,281.14,275.44,269.74,264.55,259.73,255.18,250.92,246.58,242.33,238.42,234.73,231.22,227.84,224.53,221.41,218.68,215.93,213.15,210.52,208.15,205.67,203.13,200.68,198.29,196.09,193.67,191.3,189.08,186.63,184.27,182.3,180.17,177.86,175.74,173.65,171.58,169.55,167.4,165.32,163.52,161.67,159.77,157.85,155.75,153.84
1,68.44,65.51,66.2,77.87,67.38,66.72,60.96,56.16,60.2,56.1,49.09,44.7,49.38,47.31,44.44,38.86,43.61,38.86,31.35,34.65,35.87,39.06,37.21,36.89,39.63,30.72,32.86,24.57,31.35,30.73,25.86,30.25,21.76,26.75,27.11,17.45,24.03,30.54,30.45,29.88,29.25,28.8,28.23,27.73,27.26,26.63,26.18,25.58,25.1,24.85,24.47,24.18,23.75,23.22,23.17,22.73,22.17,21.8,21.53,21.4,21.05,20.75,20.65,20.43,20.31,20.26,19.96,19.81,19.39,18.95,18.57,18.14,18.14,18.15,17.85,17.72,17.51,17.24,17.2,17.14,17.01,16.76,16.49,16.22,15.93,15.69,15.4,15.05
2,42.43,34.05,36.87,37.59,37.93,39.44,34.46,25.84,35.19,28.97,26.49,29.22,23.3,30.04,25.1,25.35,31.45,16.52,21.87,17.21,24.05,20.06,17.22,20.57,18.2,20.41,18.96,12.58,16.39,11.23,13.84,14.16,12.47,15.83,14.46,8.64,14.64,14.6,14.33,13.99,13.73,13.41,12.97,12.67,12.44,12.21,12.05,11.81,11.56,11.45,11.25,11.04,10.9,10.75,10.67,10.5,10.32,10.15,9.98,9.9,9.83,9.71,9.6,9.51,9.36,9.23,9.18,9.13,8.95,8.85,8.82,8.71,8.6,8.48,8.36,8.23,8.09,7.95,7.87,7.78,7.69,7.67,7.57,7.4,7.3,7.26,7.16,7.05
3,26.39,28.34,25.89,28.98,32.45,28.07,27.0,19.75,21.94,22.4,17.95,18.78,15.63,17.67,16.2,17.6,20.63,19.15,12.18,16.8,14.39,13.1,14.84,15.99,16.9,15.4,13.82,11.09,11.93,12.04,12.33,11.29,9.27,9.14,10.32,8.17,8.02,7.72,7.58,7.4,7.19,6.99,6.86,6.71,6.56,6.56,6.4,6.25,6.24,6.07,5.89,5.87,5.83,5.79,5.6,5.4,5.35,5.3,5.25,5.21,5.17,5.14,5.12,5.04,4.96,4.9,4.84,4.78,4.72,4.75,4.7,4.57,4.52,4.54,4.55,4.41,4.27,4.27,4.27,4.27,4.26,4.17,4.01,3.93,3.91,3.89,3.88,3.86
4,19.8,27.51,21.91,23.09,26.11,18.68,20.81,14.98,15.64,13.44,13.83,12.81,12.87,10.55,10.78,14.69,14.31,15.47,14.72,13.71,6.82,12.39,10.11,13.71,13.7,10.14,10.18,9.3,8.69,7.69,7.23,9.29,8.37,4.82,7.24,7.11,6.8,6.69,6.53,6.35,6.22,6.1,5.96,5.81,5.74,5.66,5.51,5.43,5.34,5.18,5.08,5.06,5.03,4.92,4.81,4.77,4.73,4.61,4.49,4.46,4.42,4.4,4.38,4.37,4.3,4.23,4.17,4.11,4.13,4.07,4.02,3.97,3.91,3.92,3.86,3.8,3.8,3.73,3.66,3.65,3.65,3.57,3.48,3.47,3.46,3.44,3.43,3.34
5,17.44,18.95,15.68,20.78,13.51,17.7,11.64,14.39,14.44,16.42,11.18,11.63,12.87,11.17,11.76,12.75,12.02,12.81,10.08,7.67,10.54,9.26,9.76,11.4,8.26,7.35,10.14,8.97,6.91,6.78,5.53,7.06,10.26,6.82,6.77,6.58,6.47,6.36,6.19,6.01,5.88,5.75,5.62,5.47,5.4,5.32,5.17,5.09,5.01,4.92,4.83,4.73,4.7,4.67,4.64,4.6,4.48,4.37,4.33,4.29,4.26,4.24,4.22,4.14,4.07,4.0,3.94,3.95,3.89,3.84,3.78,3.73,3.74,3.76,3.7,3.63,3.57,3.49,3.42,3.34,3.34,3.26,3.17,3.16,3.15,3.14,3.05,2.97
6,17.08,16.64,16.94,16.2,15.98,15.53,14.08,12.58,12.32,14.01,10.59,12.51,11.62,8.71,13.34,10.79,10.69,11.47,10.37,10.3,9.13,9.24,8.06,8.78,7.95,9.46,8.02,8.34,6.87,7.03,7.43,6.76,6.47,6.43,6.25,6.12,6.01,5.89,5.71,5.6,5.47,5.35,5.21,5.06,5.06,4.91,4.76,4.76,4.75,4.59,4.42,4.4,4.38,4.35,4.32,4.28,4.24,4.2,4.16,4.13,4.1,4.08,3.99,3.84,3.77,3.77,3.78,3.72,3.59,3.47,3.41,3.43,3.44,3.38,3.32,3.26,3.19,3.12,3.04,3.04,2.96,2.88,2.87,2.86,2.78,2.7,2.69,2.67
7,17.7,14.33,13.34,15.84,12.22,11.49,9.79,11.68,8.71,11.03,11.47,8.33,8.88,11.2,9.49,8.51,8.75,10.17,6.78,8.26,7.74,7.16,8.71,4.88,7.91,6.08,9.45,8.3,5.69,7.28,6.02,6.03,6.03,5.85,5.66,5.54,5.42,5.28,5.17,5.05,4.99,4.87,4.73,4.74,4.58,4.43,4.43,4.43,4.35,4.11,3.95,3.93,3.91,3.88,3.85,3.82,3.79,3.75,3.72,3.69,3.66,3.64,3.56,3.41,3.34,3.34,3.35,3.29,3.16,3.1,3.04,2.99,3.0,3.01,2.95,2.88,2.81,2.74,2.74,2.74,2.73,2.73,2.72,2.64,2.56,2.55,2.53,2.52
8,11.88,13.33,13.96,13.24,10.33,10.87,9.17,8.68,9.61,8.34,10.57,10.72,14.07,9.59,8.8,7.84,6.54,11.4,6.1,8.55,6.36,11.56,5.03,6.48,7.57,6.65,7.94,3.7,7.37,6.41,5.58,5.6,5.46,5.27,5.15,5.1,4.97,4.82,4.63,4.51,4.45,4.32,4.26,4.18,4.03,3.96,3.96,3.96,3.8,3.64,3.55,3.46,3.44,3.42,3.4,3.37,3.34,3.31,3.28,3.25,3.23,3.21,3.13,3.05,3.05,2.98,2.92,2.93,2.94,2.88,2.82,2.83,2.78,2.71,2.72,2.66,2.59,2.59,2.59,2.59,2.51,2.43,2.42,2.42,2.41,2.4,2.39,2.31
9,14.43,15.57,14.92,10.0,11.89,8.38,11.6,11.67,10.2,8.91,8.81,10.12,8.22,9.23,6.25,8.13,4.96,7.24,10.22,10.79,7.33,6.11,6.67,6.45,7.22,6.92,7.31,4.26,7.34,5.27,5.29,5.17,5.03,4.91,4.86,4.8,4.67,4.44,4.31,4.27,4.13,4.08,4.01,3.79,3.64,3.64,3.64,3.57,3.49,3.4,3.32,3.3,3.28,3.26,3.24,3.21,3.18,3.15,3.12,3.1,3.08,3.06,2.98,2.9,2.83,2.76,2.77,2.78,2.79,2.8,2.74,2.61,2.55,2.56,2.57,2.58,2.58,2.51,2.44,2.36,2.29,2.28,2.27,2.27,2.26,2.25,2.24,2.23
10,14.08,11.03,14.93,10.96,12.5,9.31,14.04,8.38,14.07,11.01,7.35,12.14,11.53,8.29,8.42,7.15,12.33,7.21,7.63,7.15,3.98,7.77,9.62,6.74,5.62,5.99,4.08,7.62,5.32,5.39,5.27,5.15,5.01,4.89,4.77,4.65,4.58,4.57,4.44,4.33,4.34,4.21,4.0,3.93,3.93,3.85,3.7,3.63,3.55,3.47,3.45,3.36,3.27,3.25,3.23,3.2,3.17,3.14,3.11,3.09,3.07,2.98,2.9,2.89,2.89,2.89,2.83,2.77,2.78,2.72,2.66,2.67,2.61,2.55,2.56,2.57,2.5,2.43,2.43,2.43,2.42,2.34,2.27,2.26,2.25,2.24,2.23,2.22
11,9.58,9.72,10.05,13.84,7.8,8.99,12.2,13.73,11.99,12.19,6.73,10.62,7.27,8.87,9.3,9.58,8.59,9.99,6.64,8.74,5.28,7.73,4.29,5.42,8.38,7.75,5.8,5.79,5.79,5.64,5.52,5.4,5.26,5.08,4.96,4.98,4.92,4.76,4.65,4.61,4.55,4.42,4.36,4.36,4.29,4.22,4.14,3.99,3.91,3.9,3.82,3.72,3.7,3.68,3.58,3.48,3.45,3.42,3.38,3.36,3.33,3.25,3.16,3.16,3.16,3.09,3.03,2.97,2.91,2.92,2.93,2.87,2.75,2.69,2.69,2.7,2.7,2.7,2.7,2.7,2.55,2.41,2.4,2.39,2.38,2.37,2.36,2.35
12,13.08,13.28,12.95,9.0,11.85,16.42,13.39,9.26,10.79,10.99,15.46,12.97,12.39,9.43,12.63,7.7,9.78,9.01,9.44,9.66,6.24,5.01,7.21,6.98,8.64,4.74,6.63,6.54,6.32,6.17,6.04,5.91,5.78,5.67,5.56,5.44,5.31,5.17,5.14,5.11,4.97,4.92,4.86,4.8,4.8,4.72,4.57,4.5,4.49,4.48,4.47,4.45,4.35,4.18,4.08,4.04,4.01,3.97,3.93,3.9,3.81,3.72,3.7,3.69,3.69,3.62,3.49,3.43,3.45,3.46,3.41,3.28,3.23,3.24,3.18,3.04,2.98,2.98,2.98,2.9,2.83,2.82,2.81,2.8,2.72,2.64,2.63,2.62
13,15.29,15.19,13.58,14.44,13.7,11.12,11.25,8.96,12.58,9.78,11.96,13.24,12.64,10.88,11.05,10.74,7.9,7.73,8.77,8.01,10.13,12.28,7.5,6.63,7.67,7.84,7.82,7.56,7.33,7.1,6.95,6.81,6.62,6.4,6.29,6.24,6.13,6.08,6.0,5.82,5.76,5.64,5.51,5.52,5.45,5.3,5.23,5.22,5.22,5.13,5.04,4.95,4.85,4.82,4.78,4.75,4.7,4.66,4.62,4.58,4.48,4.39,4.37,4.36,4.29,4.22,4.16,4.1,4.12,4.07,4.02,3.96,3.91,3.85,3.73,3.59,3.53,3.53,3.53,3.52,3.52,3.51,3.43,3.28,3.2,3.18,3.17,3.16
14,17.82,20.66,15.51,13.46,14.29,14.23,11.86,18.2,14.64,10.99,13.69,12.3,13.17,8.42,12.83,14.95,9.38,9.55,11.54,12.43,11.37,10.23,9.08,8.78,9.29,9.28,9.06,8.78,8.47,8.29,8.13,7.91,7.73,7.59,7.43,7.24,7.08,6.99,6.85,6.75,6.62,6.51,6.46,6.31,6.24,6.17,6.1,6.1,6.02,5.85,5.76,5.74,5.71,5.67,5.63,5.59,5.54,5.48,5.44,5.25,5.08,5.05,5.03,5.02,5.02,4.88,4.76,4.77,4.79,4.74,4.62,4.57,4.59,4.54,4.41,4.35,4.36,4.29,4.22,4.21,4.21,4.13,4.04,4.03,3.94,3.86,3.84,3.83
15,22.86,26.75,16.79,19.2,13.71,18.2,13.07,14.54,17.57,12.72,16.24,12.51,14.55,14.31,15.48,9.38,11.75,11.04,13.64,15.84,11.29,8.86,12.89,10.87,10.84,10.63,10.37,10.06,9.81,9.61,9.42,9.26,9.04,8.78,8.55,8.37,8.22,8.09,7.98,7.75,7.62,7.51,7.39,7.4,7.25,7.11,7.11,7.03,6.88,6.79,6.77,6.67,6.56,6.52,6.47,6.42,6.36,6.3,6.18,6.06,6.02,5.92,5.83,5.81,5.74,5.61,5.55,5.57,5.52,5.41,5.36,5.38,5.27,5.15,5.16,5.1,4.97,4.9,4.9,4.9,4.82,4.74,4.72,4.64,4.55,4.53,4.51,4.42
16,23.77,31.86,21.28,20.83,25.09,24.37,19.31,23.3,21.29,18.29,18.7,13.54,17.93,16.86,12.02,11.16,12.61,17.99,15.1,13.85,16.03,13.7,12.56,12.52,12.21,11.89,11.6,11.33,11.06,10.79,10.57,10.34,10.13,9.96,9.8,9.62,9.5,9.33,9.1,8.95,8.83,8.73,8.61,8.47,8.4,8.33,8.18,8.03,7.88,7.79,7.69,7.58,7.47,7.35,7.3,7.24,7.18,7.11,7.05,6.99,6.88,6.77,6.68,6.6,6.53,6.4,6.34,6.36,6.24,6.13,6.16,6.05,5.94,5.96,5.84,5.71,5.72,5.65,5.58,5.5,5.42,5.41,5.32,5.24,5.22,5.2,5.11,5.02
17,29.14,31.19,22.35,26.43,25.98,23.23,21.55,23.36,24.75,24.29,20.19,17.06,22.72,16.64,16.45,12.02,15.21,15.12,14.66,15.3,14.29,14.32,14.23,13.91,13.49,13.13,12.87,12.58,12.3,12.01,11.71,11.53,11.33,11.05,10.83,10.73,10.55,10.41,10.28,10.13,10.02,9.78,9.66,9.6,9.46,9.38,9.24,9.02,8.94,8.84,8.74,8.63,8.52,8.39,8.26,8.2,8.12,8.05,7.98,7.92,7.86,7.62,7.39,7.37,7.3,7.17,7.11,7.07,6.96,6.92,6.81,6.7,6.73,6.62,6.5,6.44,6.31,6.25,6.24,6.17,6.09,6.0,5.92,5.9,5.81,5.72,5.69,5.67
18,28.57,38.46,27.84,27.24,25.34,26.23,26.43,26.39,24.68,25.88,22.3,21.35,17.72,15.35,18.12,20.81,20.62,21.51,19.94,20.68,15.9,15.7,15.36,15.02,14.65,14.33,13.97,13.66,13.37,13.07,12.88,12.62,12.31,12.05,11.83,11.66,11.51,11.32,11.14,11.0,10.81,10.65,10.54,10.41,10.34,10.19,10.05,10.05,9.89,9.73,9.7,9.58,9.39,9.26,9.2,9.12,9.04,8.96,8.82,8.68,8.49,8.31,8.27,8.19,8.05,7.99,7.94,7.82,7.72,7.55,7.44,7.41,7.3,7.19,7.07,6.95,6.89,6.9,6.82,6.68,6.6,6.58,6.56,6.4,6.24,6.22,6.19,6.17
19,33.94,24.75,31.66,30.46,33.79,27.54,25.52,22.95,26.6,22.15,21.93,19.71,18.91,17.17,20.16,23.06,18.24,17.96,22.55,17.09,16.92,16.51,16.24,15.89,15.51,15.1,14.73,14.47,14.11,13.73,13.47,13.28,13.04,12.79,12.65,12.48,12.27,12.04,11.87,11.74,11.56,11.4,11.22,11.09,10.95,10.81,10.74,10.59,10.43,10.34,10.24,10.05,9.93,9.87,9.8,9.72,9.64,9.48,9.27,9.13,9.07,9.02,8.92,8.77,8.7,8.64,8.52,8.41,8.24,8.14,8.04,7.94,7.83,7.73,7.68,7.56,7.5,7.37,7.16,7.09,7.08,6.99,6.83,6.74,6.72,6.63,6.53,6.44
20,28.52,26.5,28.86,27.15,27.97,25.19,21.3,23.85,24.03,20.69,17.97,21.36,18.95,18.57,21.2,20.35,17.1,19.66,17.92,17.83,17.4,17.08,16.67,16.32,15.94,15.53,15.22,14.82,14.46,14.22,14.01,13.75,13.46,13.28,13.14,12.92,12.72,12.57,12.41,12.28,12.11,11.88,11.78,11.65,11.51,11.37,11.23,11.09,10.86,10.77,10.59,10.41,10.36,10.29,10.16,10.01,9.92,9.77,9.62,9.54,9.48,9.37,9.2,9.12,9.04,8.92,8.8,8.7,8.66,8.56,8.47,8.37,8.27,8.23,8.12,8.0,7.81,7.68,7.61,7.53,7.45,7.3,7.21,7.19,7.03,6.87,6.78,6.68
21,29.42,27.78,29.95,25.07,23.44,27.69,26.04,25.46,16.16,23.17,21.46,20.34,21.44,17.16,24.01,19.81,21.92,18.41,18.38,17.95,17.54,17.17,16.85,16.44,15.98,15.64,15.33,15.07,14.84,14.59,14.32,14.06,13.84,13.61,13.34,13.18,13.05,12.85,12.7,12.57,12.4,12.25,12.15,12.02,11.88,11.74,11.6,11.39,11.24,11.14,10.97,10.79,10.66,10.53,10.32,10.18,10.09,10.0,9.92,9.84,9.71,9.53,9.43,9.35,9.21,9.09,8.98,8.94,8.84,8.74,8.65,8.55,8.45,8.35,8.24,8.12,8.13,8.0,7.87,7.86,7.71,7.56,7.54,7.45,7.29,7.13,7.04,7.01
22,32.02,28.44,27.49,24.97,24.47,25.03,20.19,18.19,23.19,17.52,21.18,24.24,19.14,21.79,17.82,23.61,18.76,18.79,18.43,18.02,17.56,17.2,16.89,16.48,16.11,15.84,15.59,15.33,15.03,14.72,14.56,14.37,14.09,13.8,13.54,13.38,13.19,13.06,12.98,12.79,12.62,12.54,12.37,12.25,12.11,11.97,11.84,11.7,11.61,11.45,11.28,11.09,10.97,10.77,10.56,10.42,10.26,10.17,10.09,10.01,9.88,9.7,9.6,9.52,9.39,9.26,9.15,9.05,8.95,8.85,8.76,8.67,8.57,8.47,8.36,8.31,8.25,8.12,8.06,7.98,7.84,7.75,7.73,7.64,7.48,7.39,7.36,7.27
23,32.84,30.72,24.16,22.91,24.65,25.23,25.39,24.03,21.03,20.95,23.69,24.31,19.38,21.51,17.78,19.27,19.3,18.94,18.53,18.07,17.7,17.36,16.99,16.65,16.41,16.14,15.88,15.62,15.26,15.07,14.92,14.66,14.39,14.1,13.97,13.75,13.5,13.45,13.31,13.13,13.03,12.88,12.72,12.59,12.46,12.25,12.12,11.98,11.83,11.8,11.63,11.45,11.32,11.12,10.92,10.7,10.55,10.46,10.37,10.23,10.04,9.92,9.88,9.74,9.6,9.48,9.37,9.27,9.17,9.08,8.99,8.9,8.8,8.7,8.59,8.55,8.43,8.36,8.3,8.16,8.08,8.0,7.91,7.82,7.73,7.63,7.54,7.44
24,26.64,27.41,29.19,25.33,21.72,25.59,24.36,21.21,21.08,22.01,20.05,24.28,18.68,21.77,20.04,20.12,19.69,19.28,18.97,18.6,18.18,17.79,17.49,17.22,16.9,16.61,16.41,16.13,15.9,15.71,15.42,15.22,15.01,14.87,14.68,14.33,14.16,14.06,13.87,13.69,13.52,13.38,13.29,13.09,12.89,12.76,12.63,12.49,12.41,12.25,12.07,11.96,11.77,11.63,11.49,11.27,11.11,11.02,10.86,10.66,10.52,10.41,10.24,10.16,10.03,9.91,9.8,9.7,9.61,9.45,9.36,9.27,9.18,9.08,8.98,8.86,8.81,8.69,8.55,8.54,8.4,8.25,8.23,8.2,8.05,7.89,7.86,7.83
25,29.12,23.81,26.36,29.67,25.4,26.64,24.71,24.39,24.51,22.77,24.63,22.84,30.23,21.28,21.41,20.97,20.62,20.3,19.88,19.48,19.16,18.78,18.4,18.11,17.78,17.53,17.3,17.07,16.83,16.56,16.38,16.11,15.92,15.79,15.54,15.33,15.17,15.02,14.79,14.48,14.32,14.25,14.09,13.9,13.77,13.64,13.44,13.3,13.15,12.99,12.82,12.63,12.57,12.43,12.22,12.06,11.97,11.86,11.64,11.42,11.29,11.17,11.07,10.92,10.73,10.54,10.44,10.34,10.18,10.1,10.01,9.86,9.77,9.67,9.57,9.46,9.34,9.22,9.15,9.01,8.87,8.85,8.76,8.61,8.51,8.48,8.38,8.23
26,30.13,32.07,29.0,26.95,27.01,21.03,26.35,26.24,28.05,24.59,24.48,25.19,22.99,23.1,22.72,22.38,22.04,21.62,21.22,20.93,20.57,20.22,19.91,19.58,19.28,18.99,18.79,18.53,18.26,18.05,17.72,17.5,17.32,17.09,16.91,16.7,16.5,16.32,16.05,15.82,15.73,15.6,15.38,15.12,14.92,14.72,14.52,14.39,14.24,14.07,13.9,13.78,13.58,13.37,13.28,13.18,13.01,12.77,12.6,12.51,12.43,12.25,12.08,11.87,11.67,11.55,11.45,11.35,11.2,11.06,10.85,10.7,10.61,10.52,10.36,10.25,10.14,10.01,9.88,9.74,9.73,9.58,9.42,9.39,9.3,9.14,9.04,8.94
27,29.27,28.55,33.05,34.83,27.15,29.17,23.34,24.43,29.07,25.96,27.8,25.08,25.26,24.97,24.5,24.11,23.86,23.53,23.11,22.86,22.55,22.15,21.83,21.53,21.25,20.97,20.72,20.42,20.13,19.84,19.59,19.42,19.2,18.99,18.7,18.43,18.26,17.99,17.76,17.61,17.45,17.27,16.98,16.73,16.53,16.27,16.14,16.0,15.78,15.62,15.44,15.18,14.91,14.76,14.66,14.43,14.18,14.06,13.95,13.84,13.63,13.44,13.33,13.18,12.98,12.87,12.76,12.55,12.4,12.26,12.06,11.92,11.83,11.68,11.46,11.29,11.18,10.99,10.86,10.79,10.64,10.55,10.46,10.3,10.2,10.1,9.94,9.84
28,34.21,36.49,29.55,33.12,33.45,34.11,28.18,32.73,29.92,33.1,27.68,28.05,27.67,27.17,26.81,26.58,26.22,25.78,25.54,25.2,24.8,24.52,24.25,23.97,23.62,23.27,22.96,22.68,22.43,22.17,21.95,21.69,21.38,21.08,20.86,20.6,20.33,20.11,19.86,19.59,19.38,19.13,18.86,18.67,18.48,18.28,18.08,17.81,17.66,17.49,17.18,16.91,16.7,16.54,16.37,16.12,15.92,15.79,15.66,15.42,15.14,15.0,14.82,14.61,14.48,14.3,14.07,13.99,13.91,13.71,13.51,13.38,13.24,12.97,12.81,12.71,12.47,12.35,12.22,12.08,12.0,11.84,11.62,11.46,11.29,11.13,11.08,10.92
29,28.89,29.38,27.64,29.59,34.79,37.35,32.26,27.85,30.29,30.6,31.11,30.7,30.21,29.96,29.65,29.25,28.89,28.63,28.29,27.95,27.62,27.23,26.94,26.6,26.18,25.9,25.58,25.37,25.1,24.74,24.42,24.01,23.79,23.59,23.26,23.0,22.76,22.42,22.14,21.89,21.55,21.25,21.12,20.94,20.67,20.41,20.08,19.81,19.59,19.36,19.17,18.9,18.67,18.5,18.26,18.06,17.85,17.64,17.43,17.18,16.95,16.74,16.56,16.4,16.21,15.97,15.75,15.54,15.34,15.15,14.96,14.77,14.64,14.56,14.41,14.18,14.01,13.89,13.76,13.56,13.41,13.19,12.96,12.8,12.63,12.52,12.35,12.24
30,36.6,33.41,37.84,33.08,37.07,40.68,31.14,38.16,33.76,34.31,33.94,33.5,33.27,32.95,32.56,32.18,31.84,31.47,31.12,30.77,30.37,30.09,29.78,29.37,29.01,28.65,28.39,28.06,27.7,27.38,27.0,26.76,26.44,26.04,25.72,25.41,25.14,24.92,24.56,24.2,23.93,23.71,23.45,23.13,22.87,22.55,22.22,21.95,21.73,21.49,21.23,21.01,20.72,20.4,20.14,19.87,19.65,19.48,19.26,19.0,18.82,18.6,18.35,18.19,18.0,17.7,17.42,17.22,17.03,16.84,16.6,16.41,16.29,16.09,15.88,15.66,15.49,15.3,15.11,14.97,14.76,14.6,14.43,14.26,14.09,13.91,13.8,13.62
31,39.58,40.24,41.07,35.74,38.72,39.31,34.29,37.0,37.57,37.2,36.87,36.59,36.24,35.85,35.51,35.14,34.75,34.42,34.04,33.69,33.36,32.98,32.57,32.17,31.81,31.44,31.03,30.71,30.39,29.98,29.61,29.23,28.88,28.58,28.26,27.9,27.55,27.19,26.88,26.59,26.26,25.99,25.6,25.22,24.96,24.7,24.44,24.17,23.88,23.64,23.37,23.02,22.71,22.39,22.12,21.89,21.66,21.41,21.11,20.84,20.58,20.3,20.04,19.82,19.62,19.45,19.23,18.97,18.73,18.49,18.25,18.07,17.89,17.7,17.43,17.15,16.91,16.73,16.54,16.27,16.12,15.96,15.79,15.61,15.43,15.25,15.07,14.95
32,42.79,41.42,43.94,48.69,43.9,45.42,40.31,40.94,40.59,40.29,39.94,39.51,39.1,38.83,38.52,38.11,37.73,37.3,36.91,36.55,36.07,35.73,35.3,34.9,34.55,34.09,33.75,33.37,32.96,32.52,32.11,31.77,31.44,31.06,30.57,30.21,29.95,29.59,29.19,28.79,28.53,28.2,27.75,27.45,27.19,26.86,26.54,26.2,25.84,25.53,25.19,24.9,24.64,24.38,24.09,23.79,23.54,23.28,22.9,22.61,22.35,22.06,21.79,21.51,21.25,21.02,20.74,20.49,20.31,20.07,19.84,19.67,19.49,19.18,18.85,18.64,18.41,18.16,17.97,17.76,17.48,17.25,17.08,16.9,16.72,16.54,16.35,16.16
33,49.81,42.52,48.16,50.32,43.49,43.86,44.51,44.13,43.86,43.55,43.06,42.6,42.26,41.86,41.46,41.07,40.63,40.24,39.82,39.39,38.98,38.47,38.08,37.69,37.19,36.8,36.38,35.96,35.52,35.05,34.59,34.23,33.87,33.4,32.98,32.63,32.22,31.85,31.43,31.04,30.72,30.34,29.96,29.66,29.33,28.94,28.55,28.21,27.86,27.47,27.2,26.89,26.5,26.16,25.87,25.55,25.28,25.01,24.68,24.38,24.11,23.87,23.54,23.19,22.93,22.69,22.42,22.11,21.82,21.59,21.36,21.13,20.9,20.59,20.33,20.12,19.89,19.71,19.45,19.12,18.9,18.73,18.49,18.19,17.94,17.75,17.56,17.37
34,48.13,54.14,47.03,58.8,47.72,48.46,48.1,47.77,47.38,46.89,46.5,46.07,45.56,45.15,44.73,44.29,43.87,43.38,42.88,42.38,41.9,41.49,41.01,40.49,40.06,39.65,39.16,38.68,38.21,37.76,37.38,36.93,36.42,35.99,35.52,35.11,34.74,34.24,33.8,33.43,33.05,32.67,32.24,31.87,31.48,31.1,30.77,30.37,30.01,29.75,29.4,28.96,28.56,28.21,27.9,27.57,27.22,26.87,26.53,26.21,25.93,25.62,25.34,25.11,24.79,24.44,24.11,23.8,23.57,23.29,22.95,22.72,22.43,22.13,21.94,21.67,21.38,21.13,20.88,20.67,20.51,20.28,19.91,19.6,19.41,19.21,18.95,18.7
35,54.36,54.53,57.01,52.1,52.98,52.64,52.2,51.67,51.23,50.86,50.32,49.8,49.36,48.88,48.45,47.97,47.44,46.91,46.41,45.91,45.38,44.88,44.38,43.91,43.46,42.89,42.31,41.83,41.39,40.91,40.36,39.82,39.4,38.89,38.43,37.97,37.45,37.01,36.56,36.14,35.77,35.34,34.92,34.49,34.03,33.64,33.25,32.85,32.49,32.1,31.67,31.29,30.88,30.58,30.25,29.85,29.48,29.11,28.75,28.42,28.06,27.68,27.4,27.04,26.66,26.43,26.1,25.8,25.51,25.18,24.9,24.56,24.28,23.98,23.61,23.34,23.11,22.81,22.49,22.28,22.06,21.82,21.57,21.32,21.06,20.8,20.53,20.21
36,61.54,58.94,57.09,58.01,57.6,57.17,56.66,56.23,55.74,55.18,54.66,54.17,53.7,53.24,52.67,52.16,51.63,51.09,50.59,49.97,49.32,48.81,48.35,47.8,47.18,46.57,46.02,45.47,44.93,44.41,43.85,43.28,42.72,42.2,41.75,41.3,40.76,40.22,39.76,39.36,38.94,38.52,37.97,37.41,37.03,36.57,36.12,35.71,35.22,34.75,34.39,34.0,33.64,33.26,32.85,32.43,31.98,31.59,31.27,30.92,30.43,30.03,29.74,29.38,29.06,28.7,28.32,27.96,27.69,27.42,27.03,26.7,26.36,26.01,25.77,25.5,25.15,24.85,24.53,24.13,23.84,23.6,23.35,23.09,22.83,22.56,22.23,22.02
37,73.03,62.62,63.68,63.21,62.77,62.26,61.79,61.27,60.67,60.09,59.6,59.15,58.6,57.96,57.4,56.78,56.21,55.72,55.09,54.37,53.75,53.23,52.66,52.01,51.35,50.7,50.1,49.53,48.94,48.38,47.75,47.15,46.57,46.04,45.55,44.98,44.37,43.85,43.41,42.9,42.35,41.69,41.15,40.72,40.21,39.75,39.36,38.89,38.4,37.99,37.56,37.02,36.51,36.12,35.7,35.19,34.78,34.43,34.03,33.6,33.15,32.8,32.44,32.01,31.63,31.22,30.78,30.43,30.16,29.84,29.46,29.14,28.75,28.34,28.04,27.72,27.44,27.07,26.63,26.29,26.0,25.75,25.49,25.17,24.83,24.5,24.28,24.0
38,68.69,69.91,69.48,68.95,68.41,67.88,67.26,66.65,66.05,65.52,64.99,64.4,63.77,63.09,62.4,61.82,61.26,60.57,59.89,59.2,58.48,57.81,57.2,56.52,55.75,55.1,54.45,53.79,53.17,52.49,51.85,51.27,50.67,50.03,49.43,48.81,48.19,47.64,47.06,46.45,45.84,45.33,44.8,44.25,43.73,43.28,42.82,42.29,41.79,41.25,40.67,40.12,39.67,39.25,38.81,38.41,37.91,37.47,37.05,36.54,36.07,35.65,35.21,34.78,34.39,33.99,33.55,33.21,32.82,32.39,32.02,31.59,31.14,30.81,30.45,30.13,29.79,29.43,29.11,28.7,28.34,28.03,27.71,27.37,27.03,26.75,26.4,26.0
39,76.61,76.09,75.49,74.97,74.33,73.58,72.99,72.41,71.82,71.15,70.51,69.9,69.2,68.49,67.81,67.13,66.33,65.56,64.83,64.04,63.29,62.62,61.9,61.11,60.36,59.58,58.88,58.19,57.46,56.74,56.14,55.52,54.79,54.08,53.44,52.82,52.14,51.49,50.86,50.27,49.74,49.11,48.53,47.98,47.39,46.88,46.36,45.75,45.12,44.57,44.05,43.49,42.95,42.52,42.06,41.57,41.05,40.52,40.01,39.48,38.99,38.55,38.11,37.67,37.29,36.88,36.39,35.87,35.43,35.01,34.59,34.23,33.85,33.4,32.99,32.61,32.21,31.85,31.4,31.0,30.7,30.32,29.92,29.58,29.23,28.88,28.53,28.17
40,83.12,82.43,81.8,81.09,80.35,79.69,79.01,78.32,77.56,76.88,76.19,75.44,74.74,73.87,73.0,72.15,71.37,70.66,69.87,69.05,68.21,67.39,66.56,65.74,64.94,64.23,63.46,62.63,61.85,61.2,60.52,59.69,58.94,58.23,57.54,56.82,56.06,55.38,54.7,54.13,53.48,52.87,52.29,51.61,51.03,50.52,49.87,49.13,48.49,47.94,47.41,46.83,46.28,45.77,45.22,44.58,44.04,43.55,43.01,42.52,42.02,41.57,41.05,40.55,40.1,39.57,39.08,38.63,38.14,37.73,37.26,36.79,36.36,35.85,35.39,34.95,34.62,34.26,33.81,33.46,33.03,32.52,32.13,31.78,31.42,31.06,30.7,30.34
41,89.71,88.92,88.12,87.35,86.62,85.81,84.91,84.06,83.37,82.55,81.69,80.93,79.96,79.05,78.19,77.37,76.55,75.63,74.72,73.8,72.93,72.03,71.16,70.3,69.58,68.81,67.87,67.0,66.3,65.54,64.61,63.8,63.04,62.26,61.53,60.75,59.99,59.28,58.6,57.86,57.22,56.62,55.93,55.25,54.61,53.9,53.18,52.51,51.87,51.31,50.77,50.11,49.48,48.89,48.26,47.72,47.16,46.58,46.08,45.57,45.05,44.46,43.81,43.3,42.85,42.33,41.78,41.28,40.8,40.27,39.75,39.35,38.87,38.37,37.91,37.48,37.08,36.6,36.15,35.74,35.25,34.79,34.45,34.04,33.61,33.24,32.81,32.38
42,96.37,95.41,94.51,93.67,92.77,91.74,90.74,89.98,89.11,88.15,87.25,86.23,85.31,84.43,83.5,82.52,81.46,80.46,79.49,78.54,77.64,76.73,75.75,74.85,74.02,73.13,72.26,71.44,70.51,69.63,68.81,67.91,67.07,66.29,65.57,64.8,63.98,63.17,62.37,61.65,61.02,60.31,59.5,58.76,58.05,57.34,56.69,56.01,55.3,54.67,53.99,53.26,52.68,52.13,51.55,50.92,50.2,49.54,49.02,48.48,47.89,47.22,46.69,46.24,45.6,45.02,44.48,43.92,43.44,42.93,42.36,41.84,41.37,40.88,40.36,39.88,39.42,38.94,38.43,37.95,37.52,37.12,36.71,36.23,35.79,35.36,34.92,34.54
43,103.15,102.15,101.14,100.11,99.04,97.91,96.93,95.95,94.91,93.87,92.8,91.83,90.83,89.85,88.81,87.59,86.55,85.61,84.59,83.55,82.48,81.49,80.54,79.61,78.66,77.7,76.77,75.8,74.89,74.03,73.06,72.13,71.33,70.55,69.73,68.79,67.95,67.17,66.32,65.56,64.74,63.92,63.25,62.58,61.74,60.96,60.25,59.51,58.79,58.09,57.4,56.66,55.99,55.43,54.76,53.99,53.31,52.74,52.13,51.52,50.84,50.22,49.68,49.04,48.46,47.88,47.28,46.73,46.15,45.52,45.02,44.57,43.99,43.38,42.87,42.39,41.88,41.33,40.82,40.41,39.97,39.44,38.9,38.47,38.03,37.59,37.2,36.75
44,110.42,109.3,108.06,106.9,105.78,104.54,103.35,102.2,101.1,99.99,98.87,97.75,96.64,95.43,94.2,93.15,92.13,91.05,89.92,88.77,87.68,86.7,85.71,84.59,83.58,82.62,81.63,80.62,79.66,78.68,77.69,76.78,75.91,75.02,74.02,73.21,72.31,71.32,70.48,69.68,68.87,68.07,67.28,66.42,65.58,64.8,64.08,63.28,62.5,61.78,60.95,60.2,59.58,58.87,58.05,57.38,56.74,56.08,55.45,54.75,54.11,53.48,52.74,52.09,51.52,50.87,50.22,49.67,49.1,48.48,47.93,47.31,46.67,46.2,45.64,44.97,44.46,43.98,43.53,43.05,42.42,41.89,41.47,40.97,40.4,39.88,39.49,38.97
45,118.17,116.82,115.47,114.24,112.93,111.6,110.3,109.05,107.83,106.58,105.35,104.16,102.92,101.64,100.42,99.28,98.14,96.93,95.7,94.54,93.43,92.32,91.14,90.11,89.03,87.91,86.91,85.86,84.78,83.81,82.85,81.83,80.83,79.83,78.91,77.93,76.91,76.03,75.15,74.24,73.32,72.4,71.56,70.76,69.92,69.08,68.17,67.3,66.58,65.79,65.02,64.24,63.42,62.62,61.84,61.08,60.41,59.78,59.12,58.39,57.61,56.84,56.16,55.56,54.92,54.16,53.51,52.91,52.23,51.62,51.02,50.35,49.79,49.2,48.52,47.98,47.48,46.93,46.36,45.75,45.24,44.71,44.21,43.65,43.01,42.54,42.08,41.55
46,126.47,125.01,123.55,122.18,120.75,119.31,117.85,116.55,115.28,113.89,112.53,111.21,109.87,108.51,107.26,106.02,104.72,103.45,102.18,100.95,99.78,98.54,97.38,96.21,94.98,93.9,92.81,91.64,90.56,89.58,88.52,87.33,86.21,85.22,84.21,83.18,82.23,81.21,80.17,79.24,78.32,77.43,76.47,75.48,74.58,73.67,72.83,72.02,71.16,70.3,69.38,68.46,67.75,66.99,66.18,65.33,64.5,63.84,63.08,62.21,61.46,60.8,60.04,59.31,58.55,57.79,57.15,56.56,55.88,55.17,54.46,53.8,53.25,52.55,51.88,51.29,50.72,50.12,49.48,48.94,48.36,47.82,47.19,46.55,46.02,45.49,44.95,44.35
47,135.65,134.01,132.45,130.94,129.39,127.77,126.32,124.91,123.4,121.87,120.39,119.0,117.57,116.15,114.74,113.42,112.14,110.68,109.33,108.04,106.76,105.54,104.26,102.93,101.67,100.53,99.39,98.09,96.89,95.84,94.67,93.42,92.31,91.22,90.05,89.03,87.97,86.84,85.84,84.87,83.91,82.78,81.7,80.72,79.81,78.98,78.0,76.99,76.06,75.13,74.2,73.39,72.59,71.73,70.78,69.83,69.09,68.33,67.48,66.69,65.86,64.93,64.15,63.42,62.72,62.02,61.26,60.44,59.72,59.08,58.38,57.74,56.95,56.2,55.54,54.9,54.27,53.61,52.97,52.36,51.78,51.1,50.47,49.88,49.22,48.67,48.06,47.46
48,145.52,143.84,142.11,140.34,138.66,137.04,135.42,133.77,132.14,130.59,129.03,127.41,125.84,124.36,122.93,121.46,119.95,118.58,117.14,115.75,114.43,112.96,111.62,110.27,108.95,107.68,106.35,105.04,103.83,102.64,101.35,100.1,98.94,97.7,96.55,95.36,94.21,93.09,91.96,90.89,89.75,88.64,87.52,86.47,85.5,84.47,83.49,82.49,81.49,80.48,79.53,78.64,77.68,76.67,75.74,74.89,73.98,73.12,72.29,71.41,70.43,69.54,68.75,68.01,67.24,66.36,65.49,64.74,64.03,63.22,62.42,61.67,60.96,60.29,59.57,58.81,58.07,57.34,56.64,56.03,55.44,54.82,54.18,53.45,52.78,52.1,51.42,50.86
49,156.33,154.35,152.39,150.55,148.72,146.92,145.13,143.41,141.73,139.97,138.16,136.48,134.97,133.39,131.75,130.2,128.65,127.05,125.54,124.12,122.57,121.07,119.66,118.19,116.75,115.4,114.0,112.66,111.37,109.97,108.61,107.3,106.03,104.78,103.47,102.23,100.98,99.77,98.57,97.35,96.22,95.01,93.84,92.73,91.63,90.6,89.56,88.49,87.42,86.33,85.3,84.26,83.21,82.23,81.21,80.19,79.3,78.34,77.4,76.49,75.54,74.62,73.75,72.94,72.05,71.11,70.25,69.45,68.57,67.66,66.87,66.14,65.38,64.6,63.77,62.96,62.22,61.5,60.8,60.11,59.46,58.77,57.93,57.14,56.45,55.82,55.24,54.61
50,167.91,165.76,163.7,161.66,159.69,157.76,155.84,153.93,152.02,150.17,148.33,146.67,144.99,143.19,141.48,139.73,138.02,136.45,134.89,133.25,131.62,130.03,128.41,126.89,125.43,123.85,122.34,120.97,119.47,117.98,116.54,115.16,113.84,112.46,111.06,109.71,108.44,107.09,105.76,104.52,103.28,102.04,100.81,99.59,98.42,97.33,96.22,95.01,93.74,92.64,91.59,90.52,89.44,88.24,87.18,86.24,85.19,84.11,83.07,82.12,81.13,80.19,79.24,78.24,77.28,76.35,75.43,74.52,73.6,72.77,71.94,70.98,70.12,69.35,68.53,67.66,66.81,66.02,65.26,64.51,63.78,62.9,62.05,61.37,60.73,60.08,59.37,58.66
51,180.54,178.28,176.05,173.93,171.8,169.62,167.51,165.52,163.56,161.49,159.62,157.8,155.91,154.03,152.14,150.32,148.58,146.92,145.12,143.35,141.6,139.79,138.16,136.56,134.79,133.14,131.65,130.03,128.44,126.91,125.43,123.97,122.44,120.88,119.45,118.06,116.59,115.17,113.8,112.42,111.06,109.79,108.45,107.16,105.93,104.71,103.34,102.0,100.85,99.74,98.54,97.25,96.07,94.96,93.86,92.75,91.58,90.39,89.36,88.36,87.28,86.18,85.15,84.14,83.12,82.07,81.1,80.14,79.17,78.24,77.25,76.3,75.46,74.65,73.72,72.8,71.89,70.98,70.15,69.4,68.54,67.71,66.91,66.09,65.31,64.53,63.75,62.99
52,194.54,192.11,189.72,187.33,185.1,182.9,180.71,178.52,176.26,174.15,172.06,170.08,168.12,166.06,164.06,162.05,160.21,158.35,156.39,154.44,152.51,150.7,148.92,147.08,145.32,143.64,141.88,140.12,138.48,136.84,135.12,133.52,131.91,130.29,128.77,127.22,125.62,124.16,122.7,121.17,119.77,118.34,116.89,115.54,114.18,112.7,111.33,110.05,108.76,107.37,106.02,104.89,103.68,102.34,101.06,99.83,98.67,97.55,96.34,95.11,93.98,92.91,91.74,90.65,89.57,88.52,87.44,86.31,85.36,84.33,83.24,82.32,81.37,80.39,79.48,78.5,77.53,76.57,75.61,74.73,73.93,73.02,72.08,71.19,70.27,69.43,68.59,67.77
53,210.13,207.47,204.86,202.45,200.03,197.61,195.16,192.81,190.49,188.17,186.02,183.82,181.58,179.49,177.27,175.07,173.14,171.14,168.98,166.88,164.87,162.87,160.92,158.95,157.03,155.17,153.29,151.49,149.67,147.78,146.05,144.35,142.54,140.83,139.1,137.39,135.86,134.25,132.53,130.93,129.41,127.89,126.34,124.8,123.31,121.82,120.32,118.91,117.48,116.07,114.75,113.4,111.89,110.5,109.23,107.95,106.72,105.35,104.02,102.85,101.62,100.33,99.13,97.96,96.81,95.64,94.51,93.4,92.17,91.1,90.09,88.95,87.91,86.88,85.8,84.84,83.81,82.73,81.71,80.76,79.82,78.84,77.88,76.97,76.04,75.13,74.23,73.34
54,227.62,224.73,221.95,219.27,216.6,214.01,211.47,208.88,206.39,204.02,201.62,199.16,196.79,194.43,192.01,189.82,187.68,185.37,183.02,180.79,178.6,176.5,174.37,172.23,170.18,168.15,166.19,164.2,162.12,160.15,158.32,156.39,154.46,152.55,150.74,148.98,147.18,145.38,143.6,141.94,140.25,138.51,136.86,135.26,133.63,131.95,130.38,128.9,127.32,125.76,124.29,122.77,121.27,119.83,118.38,117.03,115.6,114.16,112.81,111.46,110.12,108.79,107.49,106.19,104.91,103.75,102.44,101.11,100.02,98.79,97.51,96.45,95.31,94.06,92.99,91.92,90.78,89.63,88.55,87.53,86.45,85.39,84.42,83.41,82.41,81.42,80.44,79.48
55,246.96,243.91,240.98,238.01,235.2,232.43,229.59,226.82,224.16,221.55,218.88,216.23,213.69,211.09,208.55,206.07,203.64,201.23,198.72,196.33,194.06,191.73,189.33,187.0,184.85,182.68,180.41,178.2,176.1,174.02,171.89,169.77,167.73,165.7,163.69,161.71,159.76,157.87,156.0,154.08,152.22,150.46,148.64,146.78,145.03,143.34,141.64,139.89,138.23,136.58,134.95,133.38,131.71,130.08,128.56,127.07,125.51,123.91,122.49,121.07,119.55,118.11,116.72,115.34,113.99,112.58,111.17,109.91,108.55,107.17,106.03,104.76,103.4,102.17,100.94,99.76,98.56,97.35,96.2,95.05,93.9,92.76,91.65,90.55,89.46,88.39,87.33,86.28
56,268.14,264.92,261.64,258.52,255.48,252.4,249.38,246.41,243.51,240.54,237.71,234.95,232.09,229.26,226.49,223.78,221.21,218.58,215.99,213.4,210.73,208.11,205.65,203.3,200.81,198.27,195.9,193.58,191.25,188.94,186.6,184.35,182.21,180.02,177.81,175.67,173.59,171.51,169.36,167.39,165.43,163.46,161.41,159.43,157.6,155.72,153.88,152.06,150.19,148.38,146.65,144.84,143.1,141.35,139.63,138.0,136.35,134.73,133.1,131.47,129.83,128.27,126.84,125.26,123.72,122.26,120.8,119.32,117.86,116.57,115.16,113.68,112.22,110.89,109.68,108.39,107.08,105.75,104.47,103.24,102.02,100.79,99.59,98.39,97.21,96.04,94.89,93.75
57,291.53,287.95,284.45,281.04,277.63,274.41,271.2,267.9,264.64,261.49,258.41,255.36,252.33,249.32,246.21,243.27,240.43,237.6,234.75,231.85,229.08,226.42,223.66,220.91,218.19,215.56,213.01,210.46,207.96,205.34,202.82,200.49,198.08,195.74,193.4,191.04,188.72,186.35,184.15,181.99,179.86,177.63,175.41,173.37,171.35,169.39,167.29,165.26,163.38,161.35,159.37,157.51,155.53,153.63,151.84,150.06,148.24,146.46,144.74,142.91,141.19,139.58,137.87,136.14,134.53,132.89,131.26,129.74,128.25,126.68,125.07,123.56,122.13,120.65,119.21,117.81,116.38,114.99,113.58,112.23,110.88,109.55,108.24,106.94,105.66,104.39,103.14,101.9
58,317.38,313.57,309.8,306.03,302.48,298.91,295.25,291.72,288.22,284.75,281.41,278.14,274.8,271.5,268.2,264.98,261.87,258.73,255.66,252.62,249.52,246.48,243.49,240.57,237.7,234.87,232.06,229.2,226.44,223.73,221.01,218.39,215.79,213.14,210.61,208.09,205.5,202.99,200.57,198.25,195.82,193.46,191.21,188.91,186.69,184.4,182.16,180.06,177.83,175.63,173.61,171.5,169.44,167.34,165.27,163.39,161.47,159.45,157.56,155.76,153.84,151.99,150.11,148.29,146.49,144.73,143.05,141.37,139.67,137.9,136.27,134.67,132.97,131.33,129.86,128.35,126.8,125.29,123.75,122.27,120.8,119.36,117.92,116.51,115.11,113.73,112.37,111.02
59,345.1,340.93,336.81,332.8,328.78,324.8,320.97,317.09,313.29,309.6,305.99,302.4,298.84,295.2,291.6,288.16,284.72,281.4,278.06,274.57,271.17,267.89,264.71,261.53,258.4,255.34,252.13,249.12,246.21,243.27,240.38,237.41,234.52,231.69,228.91,226.18,223.44,220.7,218.14,215.52,212.93,210.43,207.82,205.4,202.91,200.42,198.05,195.6,193.28,191.05,188.79,186.48,184.15,181.9,179.8,177.69,175.46,173.39,171.39,169.25,167.18,165.19,163.2,161.24,159.3,157.36,155.52,153.68,151.83,149.98,148.2,146.4,144.55,142.88,141.19,139.45,137.79,136.21,134.58,132.97,131.37,129.8,128.24,126.7,125.18,123.68,122.2,120.73
60,373.45,368.93,364.52,360.2,355.83,351.61,347.36,343.23,339.26,335.23,331.28,327.37,323.39,319.48,315.64,311.85,308.22,304.6,300.92,297.18,293.54,290.04,286.59,283.13,279.67,276.29,272.98,269.76,266.57,263.32,260.08,256.99,253.86,250.74,247.83,244.88,241.88,238.98,236.02,233.23,230.48,227.65,225.01,222.26,219.57,216.95,214.37,211.84,209.3,206.84,204.32,201.82,199.41,197.01,194.68,192.33,189.93,187.67,185.43,183.19,181.03,178.85,176.69,174.57,172.38,170.32,168.31,166.32,164.32,162.38,160.46,158.45,156.52,154.63,152.78,150.93,149.22,147.43,145.66,143.91,142.19,140.48,138.8,137.13,135.49,133.87,132.26,130.67
61,402.92,398.21,393.52,388.75,384.14,379.49,374.93,370.61,366.14,361.71,357.46,353.23,349.03,344.86,340.65,336.59,332.62,328.7,324.75,320.71,316.79,313.06,309.27,305.51,301.89,298.23,294.67,291.15,287.62,284.13,280.75,277.41,273.99,270.7,267.53,264.3,260.99,257.74,254.78,251.82,248.71,245.68,242.76,239.87,236.97,234.21,231.42,228.62,225.92,223.22,220.52,217.88,215.26,212.64,210.14,207.55,205.02,202.64,200.15,197.8,195.43,193.06,190.78,188.44,186.12,183.81,181.63,179.48,177.34,175.26,173.13,171.04,169.02,167.04,165.02,163.01,161.05,159.12,157.21,155.33,153.47,151.63,149.81,148.01,146.24,144.49,142.75,141.04
62,434.55,429.35,424.16,419.13,414.08,409.1,404.23,399.32,394.6,389.94,385.32,380.76,376.25,371.76,367.27,362.86,358.56,354.34,350.01,345.69,341.57,337.49,333.41,329.39,325.39,321.49,317.64,313.86,310.08,306.32,302.67,298.95,295.3,291.79,288.32,284.8,281.3,277.98,274.72,271.41,268.12,264.96,261.74,258.6,255.56,252.52,249.46,246.44,243.58,240.64,237.75,234.9,232.06,229.27,226.47,223.7,221.04,218.4,215.78,213.19,210.6,208.14,205.68,203.13,200.67,198.3,195.89,193.52,191.23,188.88,186.62,184.44,182.28,180.09,177.85,175.72,173.61,171.53,169.47,167.44,165.43,163.45,161.49,159.55,157.64,155.75,153.88,152.04
63,468.11,462.52,456.98,451.55,446.16,440.7,435.44,430.37,425.26,420.11,415.1,410.28,405.42,400.52,395.62,390.87,386.36,381.8,377.1,372.59,368.09,363.61,359.23,354.91,350.68,346.42,342.25,338.17,334.07,330.03,326.07,322.14,318.21,314.38,310.65,306.92,303.25,299.57,295.96,292.49,289.04,285.55,282.11,278.7,275.38,272.06,268.79,265.62,262.4,259.27,256.19,253.13,250.0,246.98,244.0,241.03,238.22,235.37,232.49,229.65,226.96,224.29,221.58,218.93,216.33,213.66,211.07,208.55,205.99,203.5,201.1,198.72,196.35,193.89,191.56,189.26,187.0,184.75,182.54,180.35,178.19,176.05,173.94,171.86,169.8,167.76,165.75,163.76
64,504.48,498.38,492.47,486.63,480.68,474.92,469.37,463.86,458.3,452.84,447.54,442.22,436.85,431.49,426.27,421.31,416.4,411.44,406.53,401.52,396.62,391.89,387.19,382.52,377.88,373.35,368.87,364.39,360.0,355.71,351.48,347.25,342.98,338.85,334.82,330.8,326.79,322.85,318.98,315.22,311.54,307.73,303.93,300.32,296.79,293.26,289.77,286.25,282.79,279.48,276.12,272.65,269.42,266.21,262.97,259.86,256.78,253.64,250.54,247.57,244.64,241.76,238.8,235.92,233.11,230.25,227.44,224.7,222.05,219.43,216.77,214.13,211.55,209.02,206.51,204.03,201.59,199.17,196.79,194.43,192.1,189.79,187.52,185.27,183.05,180.86,178.69,176.55
65,544.66,538.11,531.62,525.23,518.95,512.78,506.72,500.75,494.85,488.93,483.11,477.36,471.53,465.87,460.36,454.95,449.63,444.29,438.8,433.4,428.2,423.04,418.0,412.99,408.0,403.05,398.18,393.43,388.66,384.03,379.53,374.86,370.28,365.8,361.41,357.1,352.77,348.54,344.45,340.42,336.3,332.18,328.21,324.33,320.38,316.57,312.8,308.98,305.41,301.78,298.01,294.44,290.96,287.42,283.97,280.58,277.19,273.82,270.55,267.36,264.12,260.95,257.79,254.67,251.6,248.55,245.57,242.67,239.82,236.88,233.96,231.25,228.48,225.74,223.03,220.36,217.72,215.11,212.53,209.98,207.47,204.98,202.52,200.1,197.7,195.33,192.99,190.67
66,589.61,582.52,575.59,568.69,561.82,555.09,548.49,542.06,535.62,529.22,523.02,516.73,510.5,504.47,498.43,492.44,486.65,480.87,475.04,469.25,463.53,457.98,452.48,446.98,441.62,436.35,431.13,425.91,420.78,415.82,410.81,405.83,400.89,396.05,391.29,386.5,381.89,377.42,372.96,368.47,364.05,359.68,355.35,351.07,346.82,342.65,338.58,334.67,330.65,326.54,322.68,318.86,314.92,311.17,307.49,303.78,300.08,296.44,292.92,289.37,285.98,282.57,279.07,275.71,272.42,269.12,265.84,262.73,259.62,256.42,253.37,250.33,247.33,244.37,241.44,238.55,235.69,232.86,230.07,227.31,224.59,221.9,219.24,216.61,214.02,211.45,208.92,206.41
67,639.99,632.42,624.77,617.2,609.77,602.49,595.36,588.31,581.32,574.42,567.6,560.78,554.08,547.47,540.88,534.5,528.24,521.94,515.61,509.34,503.11,497.05,491.13,485.25,479.42,473.65,467.98,462.34,456.79,451.34,445.93,440.54,435.15,429.92,424.8,419.71,414.71,409.71,404.79,399.91,395.06,390.38,385.76,381.06,376.45,372.05,367.68,363.19,358.72,354.46,350.29,346.08,341.91,337.86,333.8,329.7,325.71,321.85,317.92,314.18,310.5,306.7,302.97,299.3,295.67,292.06,288.6,285.28,281.9,278.45,275.12,271.82,268.56,265.34,262.17,259.02,255.92,252.85,249.82,246.83,243.87,240.95,238.06,235.21,232.39,229.61,226.86,224.14
68,696.22,687.89,679.58,671.44,663.45,655.44,647.68,640.03,632.41,624.97,617.48,610.07,602.86,595.72,588.56,581.48,574.6,567.8,560.95,554.07,547.41,540.88,534.34,527.99,521.64,515.32,509.14,503.0,496.93,491.06,485.17,479.21,473.45,467.87,462.32,456.69,451.16,445.81,440.43,435.04,429.88,424.83,419.65,414.6,409.68,404.78,399.9,395.1,390.35,385.79,381.24,376.55,372.01,367.58,363.11,358.78,354.54,350.23,346.0,341.91,337.8,333.66,329.63,325.7,321.78,317.9,314.15,310.49,306.74,303.06,299.43,295.84,292.3,288.8,285.34,281.92,278.54,275.2,271.91,268.65,265.43,262.25,259.11,256.0,252.94,249.91,246.91,243.95
69,759.37,750.26,741.33,732.46,723.59,715.04,706.54,698.09,689.87,681.6,673.44,665.53,657.7,649.83,641.93,634.22,626.8,619.38,611.87,604.46,597.16,589.92,582.93,575.91,568.92,562.17,555.36,548.67,542.21,535.72,529.14,522.67,516.51,510.38,504.16,498.17,492.27,486.33,480.41,474.66,468.99,463.31,457.78,452.29,446.86,441.51,436.18,430.98,425.88,420.82,415.79,410.79,405.86,401.01,396.18,391.45,386.81,382.08,377.51,372.99,368.42,364.03,359.68,355.35,351.14,346.93,342.82,338.65,334.59,330.58,326.62,322.71,318.84,315.02,311.25,307.52,303.84,300.2,296.6,293.05,289.54,286.07,282.64,279.26,275.91,272.61,269.34,266.12
70,830.81,820.83,810.99,801.22,791.7,782.29,772.9,763.71,754.62,745.67,736.88,728.16,719.54,710.87,702.21,693.88,685.77,677.58,669.38,661.32,653.34,645.52,637.72,630.03,622.58,615.11,607.64,600.39,593.21,586.03,578.97,572.05,565.14,558.27,551.7,545.14,538.54,532.03,525.64,519.34,513.1,506.99,500.96,494.96,489.0,483.12,477.33,471.59,465.99,460.53,455.0,449.47,444.05,438.75,433.52,428.36,423.2,418.08,413.01,408.02,403.26,398.43,393.61,388.87,384.16,379.62,375.03,370.53,366.1,361.71,357.38,353.1,348.87,344.69,340.56,336.49,332.46,328.47,324.54,320.65,316.81,313.02,309.27,305.57,301.91,298.29,294.72,291.19
71,911.62,900.73,889.89,879.23,868.83,858.48,848.18,838.15,828.23,818.34,808.64,799.06,789.55,780.04,770.6,761.46,752.5,743.5,734.56,725.73,717.04,708.39,699.86,691.54,683.32,675.07,666.93,658.94,651.01,643.24,635.49,627.81,620.26,612.88,605.51,598.2,591.07,583.96,576.99,570.15,563.26,556.52,549.92,543.27,536.76,530.34,523.94,517.7,511.58,505.42,499.31,493.28,487.4,481.61,475.87,470.11,464.45,458.89,453.39,448.01,442.66,437.34,432.03,426.8,421.71,416.64,411.66,406.73,401.86,397.04,392.29,387.59,382.95,378.37,373.84,369.36,364.94,360.57,356.25,351.98,347.77,343.6,339.49,335.43,331.41,327.44,323.52,319.65
72,1003.56,991.45,979.57,967.89,956.36,944.89,933.71,922.63,911.63,900.87,890.13,879.51,869.1,858.69,848.33,838.31,828.43,818.52,808.7,798.94,789.29,779.88,770.52,761.3,752.24,743.19,734.33,725.55,716.77,708.11,699.66,691.3,682.96,674.7,666.59,658.69,650.78,642.94,635.34,627.7,620.15,612.79,605.41,598.16,591.08,584.02,576.99,570.03,563.23,556.49,549.81,543.25,536.8,530.35,523.91,517.69,511.55,505.36,499.25,493.25,487.32,481.48,475.77,470.08,464.35,458.79,453.3,447.87,442.51,437.21,431.98,426.81,421.7,416.65,411.66,406.73,401.86,397.05,392.3,387.6,382.96,378.38,373.85,369.38,364.95,360.58,356.27,352.0
73,1107.97,1094.72,1081.61,1068.77,1055.98,1043.39,1031.03,1018.76,1006.63,994.66,982.82,971.23,959.72,948.1,936.81,925.76,914.73,903.88,893.05,882.27,871.65,861.1,850.72,840.62,830.62,820.71,810.87,801.11,791.51,782.08,772.7,763.39,754.22,745.21,736.29,727.41,718.7,710.13,701.67,693.25,684.94,676.76,668.67,660.79,652.91,644.99,637.23,629.67,622.08,614.58,607.31,600.1,592.96,585.85,578.87,571.93,564.97,558.15,551.43,544.81,538.33,531.85,525.46,519.1,512.89,506.75,500.68,494.69,488.77,482.92,477.14,471.43,465.79,460.22,454.71,449.27,443.89,438.58,433.33,428.14,423.02,417.96,412.96,408.01,403.13,398.31,393.54,388.83
74,1226.56,1211.82,1197.42,1183.18,1169.01,1155.11,1141.3,1127.63,1114.31,1101.15,1088.12,1075.17,1062.28,1049.67,1037.15,1024.72,1012.64,1000.69,988.65,976.67,964.85,953.2,941.83,930.66,919.52,908.48,897.67,886.98,876.33,865.88,855.56,845.24,835.1,825.09,815.15,805.39,795.76,786.32,776.89,767.56,758.35,749.27,740.45,731.57,722.73,714.12,705.66,697.18,688.78,680.55,672.42,664.45,656.55,648.73,640.93,633.14,625.49,617.97,610.57,603.32,596.09,588.94,581.87,574.91,568.03,561.24,554.52,547.89,541.34,534.86,528.46,522.14,515.89,509.72,503.62,497.6,491.64,485.76,479.95,474.21,468.53,462.93,457.39,451.92,446.51,441.17,435.89,430.68
75,1359.96,1343.64,1327.58,1311.75,1296.17,1280.73,1265.43,1250.41,1235.6,1221.0,1206.56,1192.17,1178.0,1163.99,1149.95,1136.24,1122.93,1109.61,1096.21,1082.93,1069.89,1057.05,1044.46,1032.03,1019.67,1007.54,995.53,983.61,971.85,960.28,948.76,937.36,926.15,915.07,904.1,893.22,882.53,871.96,861.52,851.2,841.07,831.07,821.08,811.23,801.52,792.05,782.65,773.29,763.95,754.73,745.83,736.96,728.11,719.38,710.69,702.09,693.66,685.42,677.26,669.19,661.21,653.31,645.5,637.78,630.15,622.62,615.17,607.81,600.55,593.36,586.27,579.26,572.33,565.48,558.72,552.04,545.44,538.91,532.47,526.1,519.81,513.59,507.45,501.38,495.39,489.46,483.61,477.82
76,1510.02,1491.92,1474.11,1456.68,1439.34,1422.15,1405.27,1388.57,1372.17,1355.93,1339.73,1323.88,1308.19,1292.51,1277.03,1261.94,1247.06,1232.16,1217.38,1202.77,1188.27,1173.97,1159.93,1146.09,1132.43,1118.93,1105.61,1092.41,1079.36,1066.56,1053.8,1041.11,1028.66,1016.38,1004.2,992.1,980.21,968.51,956.96,945.58,934.27,923.07,912.08,901.15,890.45,879.86,869.34,858.9,848.5,838.5,828.49,818.52,808.78,799.04,789.44,780.02,770.72,761.53,752.39,743.41,734.54,725.76,717.08,708.51,700.04,691.67,683.4,675.23,667.16,659.18,651.3,643.52,635.83,628.23,620.72,613.29,605.96,598.72,591.56,584.49,577.5,570.6,563.78,557.04,550.38,543.8,537.3,530.88
77,1679.76,1659.66,1639.93,1620.37,1601.09,1582.07,1563.24,1544.76,1526.44,1508.23,1490.38,1472.73,1455.31,1438.0,1420.76,1403.86,1387.32,1370.92,1354.47,1338.12,1321.98,1306.11,1290.58,1275.2,1260.0,1245.02,1230.21,1215.48,1200.94,1186.57,1172.36,1158.33,1144.45,1130.83,1117.34,1103.96,1090.71,1077.7,1064.86,1052.13,1039.6,1027.24,1014.93,1002.86,990.96,979.12,967.34,955.69,944.38,933.12,921.91,910.94,900.02,889.24,878.63,868.13,857.79,847.53,837.43,827.37,817.48,807.71,798.06,788.53,779.11,769.8,760.6,751.51,742.53,733.66,724.89,716.23,707.67,699.22,690.86,682.61,674.45,666.39,658.43,650.56,642.79,635.11,627.52,620.02,612.62,605.3,598.06,590.92
78,1872.6,1850.23,1828.19,1806.5,1785.02,1763.75,1742.83,1722.16,1701.74,1681.56,1661.62,1642.04,1622.64,1603.21,1583.99,1565.21,1546.82,1528.48,1510.18,1492.06,1474.13,1456.58,1439.16,1421.97,1405.15,1388.36,1371.67,1355.32,1339.19,1323.2,1307.4,1291.74,1276.25,1261.03,1246.04,1231.16,1216.42,1201.92,1187.56,1173.39,1159.42,1145.5,1131.82,1118.4,1105.09,1091.91,1078.87,1066.06,1053.33,1040.64,1028.21,1016.0,1003.84,991.77,980.01,968.32,956.71,945.32,933.99,922.84,911.81,900.93,890.17,879.54,869.03,858.66,848.4,838.27,828.26,818.37,808.6,798.94,789.4,779.97,770.66,761.45,752.36,743.38,734.5,725.73,717.06,708.5,700.04,691.68,683.42,675.26,667.19,659.22
79,2093.09,2068.22,2043.57,2019.32,1995.34,1971.61,1948.19,1925.13,1902.4,1879.83,1857.59,1835.71,1813.95,1792.22,1770.73,1749.9,1729.38,1708.84,1688.45,1668.17,1648.13,1628.37,1608.94,1589.9,1570.94,1552.08,1533.68,1515.48,1497.39,1479.59,1461.88,1444.32,1427.1,1410.15,1393.38,1376.7,1360.24,1344.03,1328.01,1312.14,1296.38,1280.99,1265.72,1250.63,1235.88,1221.13,1206.58,1192.18,1177.84,1163.81,1150.03,1136.24,1122.56,1109.25,1096.0,1082.8,1069.98,1057.22,1044.6,1032.14,1019.82,1007.65,995.62,983.74,972.0,960.4,948.94,937.61,926.42,915.37,904.44,893.65,882.98,872.45,862.03,851.75,841.58,831.54,821.61,811.81,802.12,792.55,783.09,773.74,764.51,755.38,746.37,737.46
80,2346.18,2318.18,2290.56,2263.39,2236.59,2210.12,2183.94,2158.14,2132.6,2107.39,2082.55,2057.88,2033.41,2009.2,1985.33,1961.84,1938.7,1915.76,1892.93,1870.13,1847.67,1825.69,1803.97,1782.51,1761.3,1740.35,1719.63,1699.2,1679.05,1659.03,1639.2,1619.69,1600.39,1581.22,1562.35,1543.74,1525.35,1507.2,1489.23,1471.39,1453.93,1436.63,1419.46,1402.65,1385.89,1369.44,1353.19,1336.98,1321.05,1305.33,1289.69,1274.3,1259.19,1244.12,1229.18,1214.56,1200.12,1185.8,1171.66,1157.69,1143.88,1130.24,1116.76,1103.44,1090.29,1077.28,1064.44,1051.74,1039.2,1026.81,1014.56,1002.46,990.51,978.69,967.02,955.49,944.09,932.84,921.71,910.72,899.86,889.13,878.52,868.05,857.69,847.47,837.36,827.37
81,2637.79,2606.33,2575.41,2545.04,2515.0,2485.18,2455.73,2426.74,2398.18,2369.9,2341.88,2314.19,2286.79,2259.49,2232.58,2206.3,2180.28,2154.46,2128.72,2103.28,2078.21,2053.36,2029.0,2004.95,1981.13,1957.62,1934.38,1911.38,1888.6,1866.09,1843.93,1821.94,1800.1,1778.67,1757.56,1736.71,1716.07,1695.56,1675.34,1655.45,1635.71,1616.18,1597.05,1578.06,1559.27,1540.81,1522.41,1504.23,1486.31,1468.57,1451.16,1433.88,1416.72,1399.8,1383.06,1366.57,1350.29,1334.2,1318.3,1302.59,1287.07,1271.74,1256.58,1241.61,1226.82,1212.2,1197.75,1183.48,1169.38,1155.45,1141.68,1128.08,1114.63,1101.35,1088.23,1075.26,1062.45,1049.79,1037.28,1024.92,1012.71,1000.64,988.72,976.94,965.3,953.8,942.43,931.2
82,2975.91,2940.69,2905.89,2871.52,2837.52,2804.09,2771.02,2738.35,2706.09,2674.2,2642.61,2611.34,2580.43,2549.83,2519.58,2489.84,2460.54,2431.44,2402.6,2373.96,2345.61,2317.71,2290.17,2263.01,2236.22,2209.73,2183.44,2157.4,2131.73,2106.48,2081.44,2056.54,2032.01,2007.86,1984.11,1960.58,1937.2,1914.12,1891.4,1868.96,1846.67,1824.68,1803.04,1781.6,1760.48,1739.58,1718.89,1698.38,1678.18,1658.33,1638.47,1618.9,1599.69,1580.63,1561.68,1543.09,1524.72,1506.57,1488.64,1470.92,1453.41,1436.11,1419.01,1402.12,1385.43,1368.94,1352.65,1336.55,1320.64,1304.92,1289.38,1274.03,1258.87,1243.88,1229.08,1214.45,1199.99,1185.71,1171.59,1157.65,1143.87,1130.25,1116.8,1103.5,1090.37,1077.39,1064.56,1051.89
83,3368.18,3328.28,3288.87,3250.0,3211.88,3174.1,3136.55,3099.63,3063.14,3026.97,2991.25,2956.07,2921.21,2886.61,2852.47,2818.93,2785.84,2752.9,2720.19,2687.79,2655.85,2624.35,2593.19,2562.41,2532.11,2502.09,2472.38,2443.08,2414.09,2385.49,2357.18,2329.0,2301.23,2274.05,2247.09,2220.37,2193.92,2167.8,2142.16,2116.84,2091.66,2066.78,2042.24,2018.06,1994.19,1970.49,1947.01,1923.89,1901.06,1878.43,1856.09,1834.04,1812.23,1790.55,1769.26,1748.23,1727.44,1706.9,1686.61,1666.56,1646.74,1627.16,1607.82,1588.7,1569.81,1551.15,1532.71,1514.48,1496.48,1478.68,1461.1,1443.73,1426.57,1409.61,1392.85,1376.29,1359.92,1343.75,1327.78,1311.99,1296.39,1280.98,1265.75,1250.7,1235.83,1221.14,1206.62,1192.27
84,3820.84,3775.8,3731.17,3687.28,3644.0,3601.06,3558.69,3516.89,3475.58,3434.71,3394.3,3354.4,3314.94,3275.77,3237.03,3198.89,3161.35,3124.08,3086.97,3050.43,3014.41,2978.74,2943.32,2908.46,2874.11,2840.06,2806.53,2773.36,2740.52,2708.06,2675.84,2644.05,2612.75,2581.81,2551.12,2520.8,2490.97,2461.48,2432.39,2403.6,2375.04,2346.81,2319.05,2291.62,2264.48,2237.55,2210.92,2184.7,2158.79,2133.16,2107.81,2082.81,2058.06,2033.63,2009.48,1985.62,1962.05,1938.75,1915.73,1892.99,1870.51,1848.31,1826.36,1804.68,1783.25,1762.08,1741.16,1720.48,1700.06,1679.87,1659.93,1640.22,1620.74,1601.5,1582.49,1563.7,1545.13,1526.79,1508.66,1490.75,1473.05,1455.56,1438.28,1421.2,1404.33,1387.65,1371.18,1354.9
85,4340.2,4289.06,4238.55,4188.84,4139.75,4091.16,4043.15,3995.82,3949.06,3902.68,3856.94,3811.74,3766.8,3722.32,3678.44,3635.34,3592.75,3550.39,3508.41,3466.96,3426.03,3385.51,3345.56,3306.1,3267.0,3228.49,3190.43,3152.75,3115.39,3078.47,3042.11,3006.06,2970.5,2935.37,2900.58,2866.31,2832.41,2798.85,2765.71,2732.97,2700.65,2668.75,2637.17,2606.03,2575.15,2544.6,2514.46,2484.6,2455.17,2426.07,2397.31,2368.96,2340.88,2313.13,2285.71,2258.62,2231.84,2205.39,2179.25,2153.41,2127.89,2102.66,2077.74,2053.11,2028.77,2004.73,1980.96,1957.48,1934.28,1911.35,1888.69,1866.31,1844.18,1822.32,1800.72,1779.38,1758.28,1737.44,1716.85,1696.5,1676.39,1656.52,1636.88,1617.48,1598.3,1579.36,1560.64,1542.14
86,4931.73,4873.88,4816.84,4760.45,4704.73,4649.65,4595.3,4541.56,4488.5,4436.08,4384.15,4332.76,4281.96,4231.72,4182.04,4133.07,4084.71,4036.67,3989.0,3942.0,3895.66,3849.81,3804.39,3759.51,3715.25,3671.49,3628.28,3585.52,3543.19,3501.44,3460.19,3419.26,3378.84,3338.95,3299.53,3260.57,3222.04,3183.95,3146.28,3109.21,3072.62,3036.27,3000.38,2965.02,2930.05,2895.31,2861.01,2827.27,2793.82,2760.68,2728.08,2695.81,2663.91,2632.39,2601.25,2570.47,2540.06,2510.01,2480.31,2450.97,2421.97,2393.31,2365.0,2337.02,2309.37,2282.04,2255.04,2228.36,2202.0,2175.95,2150.2,2124.76,2099.62,2074.78,2050.23,2025.98,2002.01,1978.32,1954.91,1931.78,1908.93,1886.34,1864.03,1841.97,1820.18,1798.64,1777.36,1756.33
87,5602.16,5536.81,5472.23,5408.39,5345.27,5282.83,5221.25,5160.53,5100.45,5040.9,4982.05,4923.92,4866.37,4809.37,4753.03,4697.6,4642.77,4588.35,4534.54,4481.28,4428.58,4376.44,4324.97,4274.28,4224.11,4174.49,4125.46,4076.97,4029.06,3981.78,3934.84,3888.34,3842.52,3797.31,3752.64,3708.37,3664.66,3621.43,3578.78,3536.72,3495.01,3453.82,3413.15,3372.91,3333.11,3293.79,3254.94,3216.54,3178.6,3141.11,3104.03,3067.38,3031.17,2995.39,2960.02,2925.08,2890.55,2856.42,2822.7,2789.37,2756.44,2723.9,2691.74,2659.97,2628.56,2597.53,2566.87,2536.56,2506.62,2477.02,2447.78,2418.88,2390.33,2362.11,2334.22,2306.66,2279.43,2252.52,2225.93,2199.65,2173.68,2148.02,2122.66,2097.6,2072.84,2048.37,2024.18,2000.29
88,6358.49,6284.62,6211.59,6139.32,6067.86,5997.55,5927.97,5859.11,5791.14,5723.78,5657.2,5591.48,5526.24,5461.68,5398.02,5335.13,5273.12,5211.74,5150.7,5090.32,5030.62,4971.63,4913.56,4856.1,4799.15,4742.95,4687.45,4632.5,4578.2,4524.52,4471.3,4418.71,4366.79,4315.57,4264.94,4214.78,4165.26,4116.28,4067.79,4020.04,3972.95,3926.17,3879.96,3834.4,3789.27,3744.63,3700.6,3657.17,3614.05,3571.49,3529.43,3487.86,3446.79,3406.2,3366.09,3326.45,3287.27,3248.56,3210.31,3172.5,3135.14,3098.22,3061.73,3025.68,2990.05,2954.84,2920.04,2885.65,2851.67,2818.09,2784.9,2752.11,2719.7,2687.67,2656.02,2624.74,2593.83,2563.28,2533.1,2503.27,2473.79,2444.66,2415.87,2387.42,2359.3,2331.52,2304.06,2276.93
89,7206.37,7123.06,7040.55,6959.03,6878.71,6799.27,6720.55,6642.89,6566.11,6490.04,6415.06,6340.82,6267.09,6194.21,6122.04,6051.09,5981.18,5911.75,5842.88,5774.59,5707.02,5640.42,5574.73,5509.64,5445.41,5381.96,5318.95,5256.75,5195.35,5134.58,5074.62,5015.15,4956.42,4898.46,4840.98,4784.29,4728.22,4672.66,4617.92,4564.01,4510.53,4457.59,4405.37,4353.71,4302.55,4252.08,4202.31,4152.94,4104.18,4055.98,4008.36,3961.29,3914.77,3868.8,3823.37,3778.47,3734.1,3690.26,3646.92,3604.1,3561.78,3519.95,3478.62,3437.77,3397.4,3357.51,3318.08,3279.12,3240.61,3202.56,3164.95,3127.79,3091.06,3054.76,3018.89,2983.44,2948.41,2913.78,2879.57,2845.75,2812.34,2779.31,2746.68,2714.42,2682.55,2651.05,2619.92,2589.15
90,8189.1,8096.2,8004.28,7913.53,7823.95,7735.14,7647.45,7560.76,7474.88,7390.15,7306.45,7223.35,7141.09,7059.53,6979.03,6899.85,6821.51,6743.86,6666.7,6590.11,6514.55,6440.03,6366.21,6293.45,6221.55,6150.08,6079.54,6009.86,5940.92,5872.94,5805.59,5738.85,5672.8,5607.5,5543.02,5479.3,5416.17,5353.84,5292.37,5231.55,5171.37,5111.8,5053.0,4994.8,4937.23,4880.43,4824.23,4767.76,4711.96,4656.81,4602.3,4548.44,4495.2,4442.59,4390.59,4339.2,4288.41,4238.22,4188.61,4139.59,4091.14,4043.25,3995.93,3949.16,3902.94,3857.26,3812.11,3767.49,3723.39,3679.81,3636.74,3594.18,3552.11,3510.54,3469.45,3428.84,3388.71,3349.04,3309.85,3271.11,3232.82,3194.98,3157.59,3120.63,3084.1,3048.01,3012.33,2977.07
91,9360.44,9259.11,9158.68,9059.59,8961.74,8864.81,8768.84,8673.99,8580.18,8487.37,8395.41,8304.33,8214.09,8124.72,8036.42,7949.14,7863.08,7777.69,7692.55,7608.35,7525.07,7442.66,7361.4,7281.06,7201.38,7122.67,7044.83,6967.66,6891.39,6815.97,6741.27,6667.13,6593.83,6521.41,6449.96,6379.14,6309.0,6239.68,6171.06,6103.34,6036.26,5969.98,5904.35,5839.3,5775.08,5711.52,5648.33,5585.84,5524.04,5462.93,5402.49,5342.71,5283.6,5225.15,5167.34,5110.17,5053.63,4997.72,4942.43,4887.75,4833.67,4780.19,4727.3,4675.0,4623.28,4572.13,4521.55,4471.52,4422.05,4373.12,4324.74,4276.89,4229.58,4182.78,4136.5,4090.74,4045.48,4000.72,3956.46,3912.69,3869.4,3826.59,3784.25,3742.38,3700.98,3660.03,3619.54,3579.49
92,10706.87,10597.74,10489.97,10383.33,10277.68,10173.14,10069.65,9967.38,9866.12,9765.59,9666.02,9567.5,9469.83,9372.81,9276.76,9182.13,9088.56,8995.51,8903.13,8811.47,8720.58,8630.85,8542.09,8454.1,8367.2,8281.22,8195.92,8111.51,8027.93,7945.17,7863.07,7781.7,7701.28,7621.74,7543.05,7465.07,7387.7,7311.24,7235.65,7160.76,7086.72,7013.31,6940.64,6868.79,6797.62,6726.79,6656.7,6587.33,6518.7,6450.77,6383.56,6317.04,6251.22,6186.09,6121.63,6057.84,5994.72,5932.26,5870.45,5809.28,5748.75,5688.85,5629.57,5570.91,5512.86,5455.42,5398.58,5342.33,5286.66,5231.57,5177.06,5123.12,5069.74,5016.91,4964.64,4912.91,4861.72,4811.06,4760.93,4711.32,4662.23,4613.65,4565.58,4518.01,4470.93,4424.34,4378.24,4332.62
93,12202.04,12085.9,11970.78,11856.72,11743.86,11632.02,11521.31,11411.57,11302.84,11195.06,11088.33,10982.54,10877.27,10772.89,10669.4,10567.27,10466.52,10366.25,10266.46,10167.28,10069.1,9971.88,9875.57,9780.39,9686.26,9592.94,9500.32,9408.58,9317.67,9227.57,9138.25,9049.67,8961.84,8874.91,8788.9,8703.69,8619.23,8535.62,8452.73,8370.64,8289.49,8208.91,8129.13,8050.11,7971.44,7893.53,7816.38,7739.99,7664.35,7589.44,7515.27,7441.82,7369.09,7297.07,7225.76,7155.14,7085.21,7015.97,6947.4,6879.5,6812.27,6745.69,6679.76,6614.48,6549.83,6485.82,6422.43,6359.67,6297.51,6235.97,6175.02,6114.67,6054.91,5995.74,5937.14,5879.11,5821.66,5764.76,5708.42,5652.63,5597.39,5542.68,5488.51,5434.87,5381.76,5329.16,5277.08,5225.5
94,13844.51,13721.76,13599.97,13479.26,13359.65,13240.9,13123.1,13006.78,12891.23,12776.54,12662.87,12550.07,12438.12,12326.65,12216.33,12107.57,11999.68,11892.38,11785.56,11679.35,11574.06,11469.8,11366.77,11264.61,11163.31,11062.78,10963.02,10864.29,10766.32,10669.12,10572.78,10476.93,10381.91,10288.08,10195.19,10102.74,10011.01,9920.33,9830.41,9741.38,9652.98,9565.45,9478.68,9392.18,9306.48,9221.56,9137.41,9054.03,8971.41,8889.55,8808.43,8728.06,8648.41,8569.5,8491.3,8413.82,8337.04,8260.96,8185.58,8110.89,8036.88,7963.54,7890.87,7818.87,7747.52,7676.83,7606.77,7537.36,7468.58,7400.43,7332.9,7265.99,7199.69,7133.99,7068.9,7004.39,6940.48,6877.14,6814.39,6752.21,6690.6,6629.54,6569.05,6509.11,6449.71,6390.86,6332.54,6274.76
95,15648.43,15519.91,15392.28,15265.34,15139.56,15014.95,14891.36,14768.47,14646.52,14525.76,14406.08,14287.08,14168.77,14051.31,13934.56,13819.11,13705.02,13591.33,13477.88,13365.15,13253.22,13142.71,13033.05,12924.0,12816.31,12709.16,12602.78,12497.48,12392.55,12288.71,12185.59,12083.04,11981.6,11881.11,11781.19,11681.8,11583.46,11485.98,11389.16,11293.21,11198.27,11103.87,11009.75,10916.42,10823.89,10732.14,10641.17,10550.97,10461.53,10372.86,10284.93,10197.75,10111.31,10025.6,9940.62,9856.35,9772.81,9689.97,9607.83,9526.39,9445.64,9365.57,9286.18,9207.47,9129.42,9052.04,8975.31,8899.23,8823.79,8749.0,8674.84,8601.3,8528.39,8456.1,8384.43,8313.35,8242.89,8173.01,8103.74,8035.04,7966.94,7899.4,7832.44,7766.05,7700.22,7634.95,7570.23,7506.06
96,17666.43,17532.44,17399.07,17267.06,17136.23,17005.96,16876.56,16748.26,16621.34,16495.18,16369.54,16245.1,16121.12,15997.65,15875.05,15753.54,15633.6,15514.28,15394.85,15275.75,15157.94,15041.29,14925.44,14810.83,14696.64,14583.01,14470.57,14358.73,14247.65,14137.53,14028.21,13919.33,13811.36,13704.32,13597.9,13492.23,13387.39,13283.21,13179.91,13077.48,12975.54,12873.98,12773.23,12673.26,12574.07,12475.66,12378.02,12281.15,12185.03,12089.66,11995.05,11901.17,11808.02,11715.61,11623.92,11532.94,11442.68,11353.13,11264.27,11176.11,11088.64,11001.86,10915.75,10830.32,10745.56,10661.46,10578.02,10495.23,10413.09,10331.59,10250.74,10170.51,10090.91,10011.93,9933.58,9855.83,9778.7,9702.16,9626.23,9550.89,9476.14,9401.98,9328.39,9255.39,9182.95,9111.08,9039.77,8969.02
97,19945.0,19806.44,19668.6,19531.86,19396.4,19261.76,19127.74,18994.98,18862.95,18731.47,18601.1,18471.26,18342.04,18213.62,18085.62,17959.3,17834.41,17709.38,17584.18,17459.8,17336.84,17214.79,17093.28,16972.46,16852.84,16733.93,16615.52,16497.87,16380.99,16264.97,16149.57,16034.89,15920.94,15807.66,15695.21,15583.56,15472.57,15362.45,15252.97,15144.08,15035.45,14927.59,14820.5,14714.19,14608.64,14503.84,14399.8,14296.5,14193.94,14092.12,13991.03,13890.66,13791.02,13692.09,13593.87,13496.35,13399.53,13303.41,13207.98,13113.23,13019.16,12925.77,12833.04,12740.98,12649.59,12558.84,12468.75,12379.31,12290.5,12202.34,12114.8,12027.89,11941.61,11855.95,11770.9,11686.46,11602.63,11519.39,11436.76,11354.72,11273.26,11192.39,11112.1,11032.39,10953.25,10874.67,10796.66,10719.21
98,22480.33,22338.64,22197.89,22058.18,21919.14,21780.28,21642.79,21506.5,21370.74,21235.21,21100.8,20967.07,20833.62,20701.27,20569.7,20439.19,20309.36,20179.63,20050.41,19922.28,19794.7,19667.5,19541.57,19416.91,19292.55,19168.23,19044.98,18922.69,18800.72,18679.8,18559.36,18439.43,18320.29,18201.79,18084.27,17967.28,17851.09,17735.72,17620.66,17505.76,17391.6,17278.19,17165.52,17053.58,16942.38,16831.89,16722.13,16613.09,16504.75,16397.12,16290.2,16183.97,16078.43,15973.58,15869.42,15765.93,15663.12,15560.98,15459.51,15358.7,15258.54,15159.04,15060.19,14961.98,14864.41,14767.48,14671.18,14575.51,14480.46,14386.03,14292.22,14199.02,14106.43,14014.44,13923.05,13832.26,13742.06,13652.44,13563.42,13474.97,13387.1,13299.8,13213.07,13126.91,13041.31,12956.26,12871.77,12787.84
99,25237.5,25095.0,24952.75,24811.48,24670.07,24529.92,24391.39,24252.71,24114.03,23976.99,23840.46,23703.95,23568.44,23433.67,23299.96,23166.71,23033.78,22901.62,22770.22,22638.86,22507.82,22378.29,22249.57,22121.25,21993.34,21866.27,21739.94,21613.97,21488.79,21364.13,21239.91,21116.43,20993.82,20871.84,20750.03,20629.24,20509.26,20389.3,20269.57,20150.53,20032.2,19914.56,19797.61,19681.35,19565.77,19450.87,19336.64,19223.09,19110.2,18997.98,18886.41,18775.5,18665.24,18555.63,18446.66,18338.33,18230.64,18123.58,18017.15,17911.34,17806.16,17701.59,17597.64,17494.29,17391.56,17289.43,17187.89,17086.96,16986.61,16886.86,16787.69,16689.1,16591.1,16493.67,16396.81,16300.52,16204.79,16109.63,16015.02,15920.98,15827.48,15734.53,15642.13,15550.27,15458.95,15368.17,15277.92,15188.2
100,28199.27,28057.74,27916.23,27775.4,27635.24,27495.55,27356.21,27217.41,27079.86,26942.6,26805.37,26668.98,26533.51,26398.88,26264.26,26130.15,25997.08,25864.32,25731.73,25599.13,25467.61,25337.53,25207.71,25077.99,24949.27,24820.93,24693.0,24565.82,24438.88,24312.58,24187.09,24061.83,23937.04,23812.72,23689.34,23566.6,23443.71,23321.06,23199.05,23077.69,22956.95,22836.85,22717.38,22598.53,22480.3,22362.7,22245.7,22129.32,22013.55,21898.39,21783.82,21669.86,21556.49,21443.72,21331.53,21219.93,21108.92,20998.49,20888.63,20779.35,20670.64,20562.5,20454.93,20347.92,20241.46,20135.57,20030.23,19925.44,19821.2,19717.5,19614.35,19511.73,19409.65,19308.11,19207.1,19106.62,19006.66,18907.22,18808.31,18709.91,18612.03,18514.66,18417.8,18321.44,18225.59,18130.24,18035.39,17941.04
101,31367.25,31228.89,31091.51,30953.02,30814.3,30676.59,30541.73,30406.83,30270.8,30135.59,30000.74,29866.8,29732.92,29599.41,29467.34,29336.14,29204.31,29072.03,28941.05,28811.28,28681.28,28551.32,28422.43,28294.64,28167.45,28039.97,27912.9,27786.34,27659.91,27534.47,27409.06,27283.96,27159.91,27036.41,26913.35,26789.91,26666.68,26544.02,26421.93,26300.4,26179.42,26059.0,25939.14,25819.83,25701.06,25582.85,25465.17,25348.04,25231.45,25115.39,24999.87,24884.88,24770.41,24656.48,24543.06,24430.17,24317.8,24205.95,24094.61,23983.78,23873.46,23763.65,23654.34,23545.54,23437.24,23329.44,23222.13,23115.31,23008.99,22903.15,22797.81,22692.94,22588.56,22484.66,22381.24,22278.29,22175.82,22073.82,21972.28,21871.22,21770.62,21670.48,21570.8,21471.58,21372.82,21274.51,21176.65,21079.25
102,34731.26,34598.81,34464.76,34331.31,34199.8,34070.67,33940.96,33808.9,33678.16,33549.3,33419.94,33289.69,33160.28,33032.5,32904.91,32775.81,32647.8,32520.88,32394.47,32268.53,32142.67,32017.35,31891.68,31768.03,31644.98,31520.41,31395.8,31272.68,31149.9,31027.17,30905.3,30783.66,30662.23,30541.86,30421.37,30300.29,30179.68,30059.56,29939.92,29820.75,29702.05,29583.83,29466.08,29348.8,29231.98,29115.63,28999.74,28884.32,28769.35,28654.84,28540.79,28427.19,28314.04,28201.35,28089.1,27977.3,27865.94,27755.03,27644.55,27534.52,27424.93,27315.77,27207.04,27098.75,26990.89,26883.46,26776.46,26669.88,26563.73,26458.0,26352.69,26247.8,26143.33,26039.27,25935.63,25832.4,25729.58,25627.17,25525.17,25423.57,25322.38,25221.59,25121.2,25021.21,24921.62,24822.43,24723.63,24625.22
103,38278.78,38155.17,38031.4,37906.93,37781.41,37660.02,37539.55,37415.64,37293.91,37171.2,37049.01,36927.7,36805.18,36683.65,36562.1,36442.14,36322.11,36201.73,36082.79,35963.62,35845.41,35725.02,35605.61,35490.91,35374.12,35253.01,35135.53,35019.14,34901.17,34785.99,34670.04,34553.34,34437.66,34323.04,34207.13,34091.61,33976.47,33861.73,33747.38,33633.41,33519.82,33406.62,33293.8,33181.36,33069.31,32957.63,32846.32,32735.4,32624.85,32514.67,32404.86,32295.43,32186.36,32077.66,31969.33,31861.37,31753.77,31646.53,31539.66,31433.14,31326.99,31221.19,31115.75,31010.67,30905.94,30801.57,30697.55,30593.88,30490.56,30387.59,30284.97,30182.69,30080.76,29979.17,29877.93,29777.03,29676.47,29576.24,29476.36,29376.82,29277.61,29178.73,29080.19,28981.98,28884.11,28786.56,28689.35,28592.46
104,41995.46,41882.95,41767.18,41653.81,41543.95,41433.92,41321.6,41205.75,41093.55,40986.16,40876.8,40766.13,40652.85,40540.78,40432.32,40319.26,40206.31,40098.44,39988.38,39878.69,39769.21,39660.73,39555.04,39446.55,39336.88,39227.31,39118.75,39011.14,38903.7,38795.7,38687.44,38579.46,38472.56,38365.04,38257.83,38150.91,38044.29,37937.97,37831.94,37726.22,37620.78,37515.65,37410.8,37306.25,37201.99,37098.02,36994.35,36890.96,36787.86,36685.05,36582.53,36480.29,36378.34,36276.68,36175.29,36074.2,35973.38,35872.85,35772.59,35672.62,35572.93,35473.51,35374.38,35275.52,35176.93,35078.62,34980.59,34882.83,34785.35,34688.13,34591.19,34494.52,34398.12,34301.99,34206.12,34110.53,34015.2,33920.14,33825.34,33730.81,33636.55,33542.54,33448.8,33355.32,33262.11,33169.15,33076.45,32984.01
105,45849.1,45742.19,45650.91,45552.85,45453.87,45355.93,45252.21,45153.53,45061.03,44965.62,44865.24,44767.32,44668.12,44573.81,44473.19,44373.32,44281.39,44179.98,44078.98,43984.58,43890.46,43797.33,43700.79,43603.16,43503.21,43403.83,43310.53,43215.65,43121.67,43025.75,42929.52,42836.72,42740.87,42645.24,42549.82,42454.61,42359.62,42264.84,42170.27,42075.91,41981.76,41887.83,41794.1,41700.59,41607.28,41514.18,41421.29,41328.61,41236.14,41143.87,41051.81,40959.95,40868.3,40776.86,40685.62,40594.59,40503.75,40413.12,40322.7,40232.48,40142.45,40052.63,39963.01,39873.6,39784.38,39695.36,39606.54,39517.92,39429.49,39341.27,39253.24,39165.41,39077.78,38990.34,38903.1,38816.05,38729.2,38642.54,38556.08,38469.81,38383.73,38297.84,38212.15,38126.65,38041.34,37956.22,37871.29,37786.55
106,49805.0,49720.08,49644.44,49566.57,49476.03,49395.35,49317.21,49243.66,49164.66,49076.14,48991.66,48906.34,48822.53,48742.02,48656.18,48573.74,48490.18,48412.78,48338.87,48252.92,48171.1,48092.35,48009.34,47924.79,47840.58,47757.27,47681.0,47606.76,47523.01,47435.97,47359.34,47278.32,47197.45,47116.71,47036.11,46955.65,46875.33,46795.15,46715.1,46635.19,46555.41,46475.78,46396.27,46316.91,46237.68,46158.58,46079.63,46000.8,45922.11,45843.56,45765.14,45686.85,45608.7,45530.68,45452.8,45375.04,45297.43,45219.94,45142.59,45065.37,44988.28,44911.32,44834.49,44757.8,44681.24,44604.81,44528.5,44452.33,44376.29,44300.38,44224.6,44148.95,44073.43,43998.04,43922.78,43847.64,43772.64,43697.76,43623.01,43548.39,43473.89,43399.53,43325.29,43251.17,43177.19,43103.33,43029.6,42955.99
107,53833.8,53805.47,53728.73,53657.4,53585.71,53516.33,53458.68,53394.77,53334.6,53268.16,53201.36,53129.24,53060.5,52989.52,52936.09,52884.07,52824.1,52759.85,52687.4,52629.71,52571.71,52500.73,52433.39,52367.21,52301.83,52248.51,52180.97,52108.28,52036.9,51975.09,51911.74,51848.47,51785.27,51722.16,51659.12,51596.16,51533.27,51470.46,51407.73,51345.07,51282.49,51219.99,51157.56,51095.21,51032.93,50970.73,50908.61,50846.56,50784.59,50722.69,50660.87,50599.13,50537.45,50475.86,50414.34,50352.89,50291.52,50230.23,50169.01,50107.86,50046.79,49985.79,49924.87,49864.02,49803.24,49742.54,49681.91,49621.36,49560.88,49500.48,49440.15,49379.89,49319.7,49259.59,49199.55,49139.59,49079.7,49019.88,48960.13,48900.46,48840.86,48781.33,48721.87,48662.49,48603.18,48543.94,48484.78,48425.68
108,57910.04,57828.67,57816.2,57831.12,57758.79,57676.36,57574.71,57518.54,57541.01,57492.0,57401.64,57360.07,57307.11,57281.16,57251.87,57219.69,57165.19,57134.0,57115.23,57059.09,57012.83,56942.65,56909.7,56880.9,56811.31,56771.74,56737.17,56690.22,56633.32,56589.88,56546.48,56503.12,56459.78,56416.48,56373.21,56329.98,56286.77,56243.61,56200.47,56157.37,56114.3,56071.26,56028.26,55985.29,55942.35,55899.45,55856.57,55813.73,55770.93,55728.16,55685.42,55642.71,55600.03,55557.39,55514.78,55472.2,55429.66,55387.15,55344.67,55302.22,55259.81,55217.43,55175.08,55132.76,55090.48,55048.23,55006.01,54963.82,54921.67,54879.55,54837.46,54795.4,54753.38,54711.38,54669.42,54627.5,54585.6,54543.74,54501.9,54460.1,54418.34,54376.6,54334.9,54293.22,54251.58,54209.98,54168.4,54126.86
109,61928.11,61933.68,61981.8,61884.85,61744.96,61554.65,61581.21,61704.74,61689.92,61717.88,61663.83,61584.31,61630.48,61608.7,61566.19,61544.12,61594.54,61662.82,61626.32,61544.88,61429.24,61416.69,61483.3,61403.51,61294.03,61308.25,61288.23,61276.19,61254.16,61232.15,61210.14,61188.14,61166.15,61144.17,61122.19,61100.22,61078.26,61056.31,61034.37,61012.43,60990.5,60968.58,60946.67,60924.77,60902.87,60880.98,60859.1,60837.23,60815.36,60793.5,60771.65,60749.81,60727.98,60706.15,60684.33,60662.52,60640.72,60618.93,60597.14,60575.36,60553.59,60531.83,60510.07,60488.32,60466.58,60444.85,60423.13,60401.41,60379.7,60358.0,60336.31,60314.62,60292.95,60271.28,60249.61,60227.96,60206.31,60184.67,60163.04,60141.42,60119.81,60098.2,60076.6,60055.01,60033.42,60011.85,59990.28,59968.72
110,65175.57,65321.7,65416.78,65038.96,64921.38,65124.11,65444.97,65452.87,65408.1,65471.68,65609.77,65759.9,65641.47,65593.71,65679.41,65814.26,65864.47,65938.06,65942.64,65682.06,65663.09,65728.33,65602.92,65480.25,65397.69,65313.52,65315.98,65315.98,65315.98,65315.98,65315.98,65315.98,65315.98,65315.98,65315.98,65315.98,65315.98,65315.98,65315.98,65315.98,65315.98,65315.98,65315.98,65315.98,65315.98,65315.98,65315.98,65315.98,65315.98,65315.98,65315.98,65315.98,65315.98,65315.98,65315.98,65315.98,65315.98,65315.98,65315.98,65315.98,65315.98,65315.98,65315.98,65315.98,65315.98,65315.98,65315.98,65315.98,65315.98,65315.98,65315.98,65315.98,65315.98,65315.98,65315.98,65315.98,65315.98,65315.98,65315.98,65315.98,65315.98,65315.98,65315.98,65315.98,65315.98,65315.98,65315.98,65315.98
111,69030.23,69595.96,69668.7,69113.14,68690.48,69617.39,69942.07,69337.64,68973.8,69459.96,69150.47,68635.22,68913.12,69264.22,69612.75,69840.52,69560.21,69031.59,69088.98,69547.42,69769.18,69129.44,68790.22,68159.83,67738.59,68092.93,68092.93,68092.93,68092.93,68092.93,68092.93,68092.93,68092.93,68092.93,68092.93,68092.93,68092.93,68092.93,68092.93,68092.93,68092.93,68092.93,68092.93,68092.93,68092.93,68092.93,68092.93,68092.93,68092.93,68092.93,68092.93,68092.93,68092.93,68092.93,68092.93,68092.93,68092.93,68092.93,68092.93,68092.93,68092.93,68092.93,68092.93,68092.93,68092.93,68092.93,68092.93,68092.93,68092.93,68092.93,68092.93,68092.93,68092.93,68092.93,68092.93,68092.93,68092.93,68092.93,68092.93,68092.93,68092.93,68092.93,68092.93,68092.93,68092.93,68092.93,68092.93,68092.93
112,76111.11,76476.61,75921.05,72023.81,69372.29,69696.97,69223.48,69940.48,71422.62,71021.98,71507.43,72685.19,72949.74,73214.29,73460.59,73103.45,73194.44,74130.82,74599.57,74826.39,74281.88,72015.75,69538.95,70449.58,72069.6,72069.6,72069.6,72069.6,72069.6,72069.6,72069.6,72069.6,72069.6,72069.6,72069.6,72069.6,72069.6,72069.6,72069.6,72069.6,72069.6,72069.6,72069.6,72069.6,72069.6,72069.6,72069.6,72069.6,72069.6,72069.6,72069.6,72069.6,72069.6,72069.6,72069.6,72069.6,72069.6,72069.6,72069.6,72069.6,72069.6,72069.6,72069.6,72069.6,72069.6,72069.6,72069.6,72069.6,72069.6,72069.6,72069.6,72069.6,72069.6,72069.6,72069.6,72069.6,72069.6,72069.6,72069.6,72069.6,72069.6,72069.6,72069.6,72069.6,72069.6,72069.6,72069.6,72069.6
113,90000.0,90000.0,86666.67,70833.33,58333.33,58333.33,59523.81,60714.29,60714.29,61607.14,62500.0,62500.0,62500.0,62500.0,62500.0,63194.44,63888.89,63888.89,63888.89,63888.89,61944.44,64166.67,69583.33,70833.33,70833.33,70833.33,70833.33,70833.33,70833.33,70833.33,70833.33,70833.33,70833.33,70833.33,70833.33,70833.33,70833.33,70833.33,70833.33,70833.33,70833.33,70833.33,70833.33,70833.33,70833.33,70833.33,70833.33,70833.33,70833.33,70833.33,70833.33,70833.33,70833.33,70833.33,70833.33,70833.33,70833.33,70833.33,70833.33,70833.33,70833.33,70833.33,70833.33,70833.33,70833.33,70833.33,70833.33,70833.33,70833.33,70833.33,70833.33,70833.33,70833.33,70833.33,70833.33,70833.33,70833.33,70833.33,70833.33,70833.33,70833.33,70833.33,70833.33,70833.33,70833.33,70833.33,70833.33,70833.33
114,100000.0,100000.0,87500.0,75000.0,75000.0,75000.0,75000.0,75000.0,75000.0,75000.0,75000.0,75000.0,75000.0,75000.0,75000.0,75000.0,75000.0,75000.0,75000.0,75000.0,79166.67,83333.33,83333.33,83333.33,83333.33,83333.33,83333.33,83333.33,83333.33,83333.33,83333.33,83333.33,83333.33,83333.33,83333.33,83333.33,83333.33,83333.33,83333.33,83333.33,83333.33,83333.33,83333.33,83333.33,83333.33,83333.33,83333.33,83333.33,83333.33,83333.33,83333.33,83333.33,83333.33,83333.33,83333.33,83333.33,83333.33,83333.33,83333.33,83333.33,83333.33,83333.33,83333.33,83333.33,83333.33,83333.33,83333.33,83333.33,83333.33,83333.33,83333.33,83333.33,83333.33,83333.33,83333.33,83333.33,83333.33,83333.33,83333.33,83333.33,83333.33,83333.33,83333.33,83333.33,83333.33,83333.33,83333.33,83333.33
115,100000.0,100000.0,100000.0,100000.0,100000.0,100000.0,100000.0,100000.0,100000.0,100000.0,100000.0,100000.0,100000.0,100000.0,100000.0,100000.0,100000.0,100000.0,100000.0,100000.0,100000.0,100000.0,100000.0,100000.0,100000.0,100000.0,100000.0,100000.0,100000.0,100000.0,100000.0,100000.0,100000.0,100000.0,100000.0,100000.0,100000.0,100000.0,100000.0,100000.0,100000.0,100000.0,100000.0,100000.0,100000.0,100000.0,100000.0,100000.0,100000.0,100000.0,100000.0,100000.0,100000.0,100000.0,100000.0,100000.0,100000.0,100000.0,100000.0,100000.0,100000.0,100000.0,100000.0,100000.0,100000.0,100000.0,100000.0,100000.0,100000.0,100000.0,100000.0,100000.0,100000.0,100000.0,100000.0,100000.0,100000.0,100000.0,100000.0,100000.0,100000.0,100000.0,100000.0,100000.0,100000.0,100000.0,100000.0,100000.0
116,100000.0,100000.0,100000.0,100000.0,100000.0,100000.0,100000.0,100000.0,100000.0,100000.0,100000.0,100000.0,100000.0,100000.0,100000.0,100000.0,100000.0,100000.0,100000.0,100000.0,100000.0,100000.0,100000.0,100000.0,100000.0,100000.0,100000.0,100000.0,100000.0,100000.0,100000.0,100000.0,100000.0,100000.0,100000.0,100000.0,100000.0,100000.0,100000.0,100000.0,100000.0,100000.0,100000.0,100000.0,100000.0,100000.0,100000.0,100000.0,100000.0,100000.0,100000.0,100000.0,100000.0,100000.0,100000.0,100000.0,100000.0,100000.0,100000.0,100000.0,100000.0,100000.0,100000.0,100000.0,100000.0,100000.0,100000.0,100000.0,100000.0,100000.0,100000.0,100000.0,100000.0,100000.0,100000.0,100000.0,100000.0,100000.0,100000.0,100000.0,100000.0,100000.0,100000.0,100000.0,100000.0,100000.0,100000.0,100000.0
117,100000.0,100000.0,100000.0,100000.0,100000.0,100000.0,100000.0,100000.0,100000.0,100000.0,100000.0,100000.0,100000.0,100000.0,100000.0,100000.0,100000.0,100000.0,100000.0,100000.0,100000.0,100000.0,100000.0,100000.0,100000.0,100000.0,100000.0,100000.0,100000.0,100000.0,100000.0,100000.0,100000.0,100000.0,100000.0,100000.0,100000.0,100000.0,100000.0,100000.0,100000.0,100000.0,100000.0,100000.0,100000.0,100000.0,100000.0,100000.0,100000.0,100000.0,100000.0,100000.0,100000.0,100000.0,100000.0,100000.0,100000.0,100000.0,100000.0,100000.0,100000.0,100000.0,100000.0,100000.0,100000.0,100000.0,100000.0,100000.0,100000.0,100000.0,100000.0,100000.0,100000.0,100000.0,100000.0,100000.0,100000.0,100000.0,100000.0,100000.0,100000.0,100000.0,100000.0,100000.0,100000.0,100000.0,100000.0,100000.0
118,100000.0,100000.0,100000.0,100000.0,100000.0,100000.0,100000.0,100000.0,100000.0,100000.0,100000.0,100000.0,100000.0,100000.0,100000.0,100000.0,100000.0,100000.0,100000.0,100000.0,100000.0,100000.0,100000.0,100000.0,100000.0,100000.0,100000.0,100000.0,100000.0,100000.0,100000.0,100000.0,100000.0,100000.0,100000.0,100000.0,100000.0,100000.0,100000.0,100000.0,100000.0,100000.0,100000.0,100000.0,100000.0,100000.0,100000.0,100000.0,100000.0,100000.0,100000.0,100000.0,100000.0,100000.0,100000.0,100000.0,100000.0,100000.0,100000.0,100000.0,100000.0,100000.0,100000.0,100000.0,100000.0,100000.0,100000.0,100000.0,100000.0,100000.0,100000.0,100000.0,100000.0,100000.0,100000.0,100000.0,100000.0,100000.0,100000.0,100000.0,100000.0,100000.0,100000.0,100000.0,100000.0,100000.0,100000.0,100000.0
119,100000.0,100000.0,100000.0,100000.0,100000.0,100000.0,100000.0,100000.0,100000.0,100000.0,100000.0,100000.0,100000.0,100000.0,100000.0,100000.0,100000.0,100000.0,100000.0,100000.0,100000.0,100000.0,100000.0,100000.0,100000.0,100000.0,100000.0,100000.0,100000.0,100000.0,100000.0,100000.0,100000.0,100000.0,100000.0,100000.0,100000.0,100000.0,100000.0,100000.0,100000.0,100000.0,100000.0,100000.0,100000.0,100000.0,100000.0,100000.0,100000.0,100000.0,100000.0,100000.0,100000.0,100000.0,100000.0,100000.0,100000.0,100000.0,100000.0,100000.0,100000.0,100000.0,100000.0,100000.0,100000.0,100000.0,100000.0,100000.0,100000.0,100000.0,100000.0,100000.0,100000.0,100000.0,100000.0,100000.0,100000.0,100000.0,100000.0,100000.0,100000.0,100000.0,100000.0,100000.0,100000.0,100000.0,100000.0,100000.0
120,100000.0,100000.0,100000.0,100000.0,100000.0,100000.0,100000.0,100000.0,100000.0,100000.0,100000.0,100000.0,100000.0,100000.0,100000.0,100000.0,100000.0,100000.0,100000.0,100000.0,100000.0,100000.0,100000.0,100000.0,100000.0,100000.0,100000.0,100000.0,100000.0,100000.0,100000.0,100000.0,100000.0,100000.0,100000.0,100000.0,100000.0,100000.0,100000.0,100000.0,100000.0,100000.0,100000.0,100000.0,100000.0,100000.0,100000.0,100000.0,100000.0,100000.0,100000.0,100000.0,100000.0,100000.0,100000.0,100000.0,100000.0,100000.0,100000.0,100000.0,100000.0,100000.0,100000.0,100000.0,100000.0,100000.0,100000.0,100000.0,100000.0,100000.0,100000.0,100000.0,100000.0,100000.0,100000.0,100000.0,100000.0,100000.0,100000.0,100000.0,100000.0,100000.0,100000.0,100000.0,100000.0,100000.0,100000.0,100000.0
121,100000.0,100000.0,100000.0,100000.0,100000.0,100000.0,100000.0,100000.0,100000.0,100000.0,100000.0,100000.0,100000.0,100000.0,100000.0,100000.0,100000.0,100000.0,100000.0,100000.0,100000.0,100000.0,100000.0,100000.0,100000.0,100000.0,100000.0,100000.0,100000.0,100000.0,100000.0,100000.0,100000.0,100000.0,100000.0,100000.0,100000.0,100000.0,100000.0,100000.0,100000.0,100000.0,100000.0,100000.0,100000.0,100000.0,100000.0,100000.0,100000.0,100000.0,100000.0,100000.0,100000.0,100000.0,100000.0,100000.0,100000.0,100000.0,100000.0,100000.0,100000.0,100000.0,100000.0,100000.0,100000.0,100000.0,100000.0,100000.0,100000.0,100000.0,100000.0,100000.0,100000.0,100000.0,100000.0,100000.0,100000.0,100000.0,100000.0,100000.0,100000.0,100000.0,100000.0,100000.0,100000.0,100000.0,100000.0,100000.0
122,100000.0,100000.0,100000.0,100000.0,100000.0,100000.0,100000.0,100000.0,100000.0,100000.0,100000.0,100000.0,100000.0,100000.0,100000.0,100000.0,100000.0,100000.0,100000.0,100000.0,100000.0,100000.0,100000.0,100000.0,100000.0,100000.0,100000.0,100000.0,100000.0,100000.0,100000.0,100000.0,100000.0,100000.0,100000.0,100000.0,100000.0,100000.0,100000.0,100000.0,100000.0,100000.0,100000.0,100000.0,100000.0,100000.0,100000.0,100000.0,100000.0,100000.0,100000.0,100000.0,100000.0,100000.0,100000.0,100000.0,100000.0,100000.0,100000.0,100000.0,100000.0,100000.0,100000.0,100000.0,100000.0,100000.0,100000.0,100000.0,100000.0,100000.0,100000.0,100000.0,100000.0,100000.0,100000.0,100000.0,100000.0,100000.0,100000.0,100000.0,100000.0,100000.0,100000.0,100000.0,100000.0,100000.0,100000.0,100000.0
123,100000.0,100000.0,100000.0,100000.0,100000.0,100000.0,100000.0,100000.0,100000.0,100000.0,100000.0,100000.0,100000.0,100000.0,100000.0,100000.0,100000.0,100000.0,100000.0,100000.0,100000.0,100000.0,100000.0,100000.0,100000.0,100000.0,100000.0,100000.0,100000.0,100000.0,100000.0,100000.0,100000.0,100000.0,100000.0,100000.0,100000.0,100000.0,100000.0,100000.0,100000.0,100000.0,100000.0,100000.0,100000.0,100000.0,100000.0,100000.0,100000.0,100000.0,100000.0,100000.0,100000.0,100000.0,100000.0,100000.0,100000.0,100000.0,100000.0,100000.0,100000.0,100000.0,100000.0,100000.0,100000.0,100000.0,100000.0,100000.0,100000.0,100000.0,100000.0,100000.0,100000.0,100000.0,100000.0,100000.0,100000.0,100000.0,100000.0,100000.0,100000.0,100000.0,100000.0,100000.0,100000.0,100000.0,100000.0,100000.0
124,100000.0,100000.0,100000.0,100000.0,100000.0,100000.0,100000.0,100000.0,100000.0,100000.0,100000.0,100000.0,100000.0,100000.0,100000.0,100000.0,100000.0,100000.0,100000.0,100000.0,100000.0,100000.0,100000.0,100000.0,100000.0,100000.0,100000.0,100000.0,100000.0,100000.0,100000.0,100000.0,100000.0,100000.0,100000.0,100000.0,100000.0,100000.0,100000.0,100000.0,100000.0,100000.0,100000.0,100000.0,100000.0,100000.0,100000.0,100000.0,100000.0,100000.0,100000.0,100000.0,100000.0,100000.0,100000.0,100000.0,100000.0,100000.0,100000.0,100000.0,100000.0,100000.0,100000.0,100000.0,100000.0,100000.0,100000.0,100000.0,100000.0,100000.0,100000.0,100000.0,100000.0,100000.0,100000.0,100000.0,100000.0,100000.0,100000.0,100000.0,100000.0,100000.0,100000.0,100000.0,100000.0,100000.0,100000.0,100000.0
125,100000.0,100000.0,100000.0,100000.0,100000.0,100000.0,100000.0,100000.0,100000.0,100000.0,100000.0,100000.0,100000.0,100000.0,100000.0,100000.0,100000.0,100000.0,100000.0,100000.0,100000.0,100000.0,100000.0,100000.0,100000.0,100000.0,100000.0,100000.0,100000.0,100000.0,100000.0,100000.0,100000.0,100000.0,100000.0,100000.0,100000.0,100000.0,100000.0,100000.0,100000.0,100000.0,100000.0,100000.0,100000.0,100000.0,100000.0,100000.0,100000.0,100000.0,100000.0,100000.0,100000.0,100000.0,100000.0,100000.0,100000.0,100000.0,100000.0,100000.0,100000.0,100000.0,100000.0,100000.0,100000.0,100000.0,100000.0,100000.0,100000.0,100000.0,100000.0,100000.0,100000.0,100000.0,100000.0,100000.0,100000.0,100000.0,100000.0,100000.0,100000.0,100000.0,100000.0,100000.0,100000.0,100000.0,100000.0,100000.0
